Year,Page,Question_Number,Question_Type,Instruction,Comprehension_Passage,Image_URLs,Question,OptionA,OptionB,OptionC,OptionD,Answer,Detail_URL
2015,1,1,objective,,,,The most visible feature of a state is,compulsory membership,defined geographical territory,written constitution,sovereign power,D,https://myschool.ng/classroom/government/45795?exam_type=waec&exam_year=2015&type=obj&page=1
2015,1,2,objective,,,,Representative democracy is characterized by,free election and proper register of voters,a politically educated elite,representation of the poor only,rule of the interest groups,A,https://myschool.ng/classroom/government/45796?exam_type=waec&exam_year=2015&type=obj&page=1
2015,1,3,objective,,,,The set of attitudes and beliefs that determine the behaviour of citizens in a political system is called,socialization,political culture,representative government,devolution,B,https://myschool.ng/classroom/government/45798?exam_type=waec&exam_year=2015&type=obj&page=1
2015,1,4,objective,,,,The set of attitudes and beliefs that determine the behaviour of citizens in a political system is called,socialization,political culture,representative government,devolution,B,https://myschool.ng/classroom/government/45801?exam_type=waec&exam_year=2015&type=obj&page=1
2015,1,5,constitution,,,,Fundamental Human Rights are entrenched in constitutions purposely to,ensure freedom of speech,guarantee the liberty of citizens,promote good governance,promote trade,B,https://myschool.ng/classroom/government/45802?exam_type=waec&exam_year=2015&type=obj&page=1
2015,2,6,objective,,,,Diplomatic and parliamentary immunities put limitations on,the rule of law,separation of powers,checks and balances,foreign policies,A,https://myschool.ng/classroom/government/45803?exam_type=waec&exam_year=2015&type=obj&page=2
2015,2,7,objective,,,,Montesquieu's political theory of separation of powers was meant to,promote unity in government,prevent dictatorial rule,ensure social justice,enhance state security,B,https://myschool.ng/classroom/government/45804?exam_type=waec&exam_year=2015&type=obj&page=2
2015,2,8,objective,,,,Which of the following countries practices a centralized system of government?,Nigeria,Ghana,USA,India,B,https://myschool.ng/classroom/government/45805?exam_type=waec&exam_year=2015&type=obj&page=2
2015,2,9,constitution,,,,Which of the following countries operates unwritten constitution?,Britain,USA,Japan,Canada,A,https://myschool.ng/classroom/government/45806?exam_type=waec&exam_year=2015&type=obj&page=2
2015,2,10,constitution,,,,A constitution that can be amended through ordinary law making process is said to be,written,unwritten,rigid,flexible,D,https://myschool.ng/classroom/government/45807?exam_type=waec&exam_year=2015&type=obj&page=2
2015,3,11,objective,,,,Which of the following systems of government operates on the checks and balances?,Theocracy,Presidential,Parliamentary,Monarchical,B,https://myschool.ng/classroom/government/45808?exam_type=waec&exam_year=2015&type=obj&page=3
2015,3,12,objective,,,,Confederal systems of government means,powerful centre and weak component units,weak centre and powerful component units,powerful centre and powerful component units,weak component units and weak centre,B,https://myschool.ng/classroom/government/45812?exam_type=waec&exam_year=2015&type=obj&page=3
2015,3,13,objective,,,,"In a federal system of government, the power shared between the Centre and state governments is known as",legislative power,exclusive power,concurrent power,judicial power,C,https://myschool.ng/classroom/government/45813?exam_type=waec&exam_year=2015&type=obj&page=3
2015,3,14,objective,,,,The prerogative power resides with the,ombudsman,executive,national assembly,civil organization,B,https://myschool.ng/classroom/government/45814?exam_type=waec&exam_year=2015&type=obj&page=3
2015,3,15,objective,,,,Quick decision making is an advantage of,unicameralism,constitutionalism,federalism,republicanism,A,https://myschool.ng/classroom/government/45815?exam_type=waec&exam_year=2015&type=obj&page=3
2015,4,16,objective,,,,The organ of government responsible for implementation of polices in a state is the,legislature,judiciary,executive,public bureau,C,https://myschool.ng/classroom/government/45816?exam_type=waec&exam_year=2015&type=obj&page=4
2015,4,17,objective,,,,A citizen is an individual who,has the legal and political rights in a country,has lived in a country for sometime,enjoys only economic rights,enjoys immunity in the country,A,https://myschool.ng/classroom/government/45830?exam_type=waec&exam_year=2015&type=obj&page=4
2015,4,18,objective,,,,Which of the following is a condition for granting citizenship to a foreigner?,Swearing an oath of allegiance,Possession of a university degree,A registered member of a political party,Possession of an international passport,A,https://myschool.ng/classroom/government/45842?exam_type=waec&exam_year=2015&type=obj&page=4
2015,4,19,objective,,,,Citizenship can be acquired through all of the following methods except,birth,nationalization,naturalization,marriage,B,https://myschool.ng/classroom/government/45850?exam_type=waec&exam_year=2015&type=obj&page=4
2015,4,20,objective,,,,The conferment of citizenship on a distinguished personality of another country is called,citizenship by birth,honorary citizenship,adoption,citizenship by registration,B,https://myschool.ng/classroom/government/45854?exam_type=waec&exam_year=2015&type=obj&page=4
2015,5,21,objective,,,,The primary aim of any political party is to,pressurize the government,remain in the opposition,control the government,ensure fair play in business,C,https://myschool.ng/classroom/government/45856?exam_type=waec&exam_year=2015&type=obj&page=5
2015,5,22,theory,,,,A manifesto can be defined as the,opportunity to form a political party,proposed programmes of a political party,policy of a political party in power,power to rule the masses,B,https://myschool.ng/classroom/government/45857?exam_type=waec&exam_year=2015&type=obj&page=5
2015,5,23,objective,,,,Which of the following exists in a one - party state?,Only the workers party is allowed to exist,Only the students' party is allowed to exist,Elections to the legislature are held at the party's conference,The ruling party is the only legal party,D,https://myschool.ng/classroom/government/45858?exam_type=waec&exam_year=2015&type=obj&page=5
2015,5,24,objective,,,,Which of the following party systems best represents all shades of opinions?,Multi-party,Two -party,One- party,Elite- party,A,https://myschool.ng/classroom/government/45860?exam_type=waec&exam_year=2015&type=obj&page=5
2015,5,25,objective,,,,The practice of multi - party system in West Africa tends to promote,sectionalism and factionalism,national integration,social discrimination,economic integration,B,https://myschool.ng/classroom/government/45863?exam_type=waec&exam_year=2015&type=obj&page=5
2015,6,26,objective,,,,Franchise is the right to,express political views,control the government,vote and be voted for,ensure good governance,C,https://myschool.ng/classroom/government/45865?exam_type=waec&exam_year=2015&type=obj&page=6
2015,6,27,objective,,,,The following are the aims of an election except that,a group sticks on to power,there is accountability of the leaders,there is a smooth change of government,the people determine who rules,A,https://myschool.ng/classroom/government/45866?exam_type=waec&exam_year=2015&type=obj&page=6
2015,6,28,objective,,,,Politics is practically demonstrated during,electioneering campaigns,parliamentary debates,formation of political parties,inter-party consultative meetings,A,https://myschool.ng/classroom/government/45867?exam_type=waec&exam_year=2015&type=obj&page=6
2015,6,29,objective,,,,An election held to fill a vacant post in the legislature due to the death or resignation of a member is called,run-off election,electoral college,by-election,primary elections,C,https://myschool.ng/classroom/government/45868?exam_type=waec&exam_year=2015&type=obj&page=6
2015,6,30,objective,,,,Which of the following is a function of pressure groups?,Represent and protect the rich,Protect the interest of government,Serve as avenue for political victimization,Provide forum for the ventilation of grievances,D,https://myschool.ng/classroom/government/45869?exam_type=waec&exam_year=2015&type=obj&page=6
2015,7,31,theory,,,,Public opinion is defined as the,aggregate views of the people,sentiments of opposition parties,consensus of the mass media,reaction of pressure groups,A,https://myschool.ng/classroom/government/45874?exam_type=waec&exam_year=2015&type=obj&page=7
2015,7,32,objective,,,,Public opinion on the performance of a government is best measured by,military strength,general elections,the mass media,parliamentary debates,C,https://myschool.ng/classroom/government/45876?exam_type=waec&exam_year=2015&type=obj&page=7
2015,7,33,objective,,,,The method in which a group of people are interviewed on a specific political issue is called,referendum,individual speech,individual writing,opinion sampling,D,https://myschool.ng/classroom/government/45878?exam_type=waec&exam_year=2015&type=obj&page=7
2015,7,34,objective,,,,The Civil Service is an administrative institution of,the executive arm of government,Public corporations,Para - military organization,a business enterprise,A,https://myschool.ng/classroom/government/45883?exam_type=waec&exam_year=2015&type=obj&page=7
2015,7,35,objective,,,,Which of the following is a feature of the civil service?,Disloloyalty,Impartiality,Political activism,Temporary tenure,B,https://myschool.ng/classroom/government/45885?exam_type=waec&exam_year=2015&type=obj&page=7
2015,8,36,objective,,,,The major source of local government revenue is,donations,income from investments,loans from finance institutions,grants from the central authority,D,https://myschool.ng/classroom/government/45887?exam_type=waec&exam_year=2015&type=obj&page=8
2015,8,37,objective,,,,"In the pre -colonial African political system, the functions of the kingmakers were performed by",Age grades,Woman,Council of elders,Special people,A,https://myschool.ng/classroom/government/45889?exam_type=waec&exam_year=2015&type=obj&page=8
2015,8,38,theory,,,,Colonialism is defined as the,struggle against foreign domination,political struggle for independence,economic dependence on developed nations,imposition of foreign rule on a territory,D,https://myschool.ng/classroom/government/45892?exam_type=waec&exam_year=2015&type=obj&page=8
2015,8,39,objective,,,,'Casting vote' was one of the ways the Governor in British West Africa controlled the,Colonial treasurer,Colonial secretary,Native authority,Legislative council,D,https://myschool.ng/classroom/government/45894?exam_type=waec&exam_year=2015&type=obj&page=8
2015,8,40,objective,,,,The French policy of assimilation was based on the assumption that African culture was,expensive,inferror,unpopular,superior,B,https://myschool.ng/classroom/government/45896?exam_type=waec&exam_year=2015&type=obj&page=8
2015,9,41,objective,,,,The administrative structure adopted in the French colonial territories was,more of a centralized administration,focused mainly on traditional rulers,favourable to the African age grades,for the development of African culture,A,https://myschool.ng/classroom/government/45898?exam_type=waec&exam_year=2015&type=obj&page=9
2015,9,42,objective,,,,The Pan -African Movements emerged as a result of,African cultural heritage,European racial domination,the formation of the African Union,the growth of socialism in Europe,B,https://myschool.ng/classroom/government/45902?exam_type=waec&exam_year=2015&type=obj&page=9
2015,9,43,objective,,,,Which of the following was the first print media used by nationalists to oppose colonialism in the British West Africa?,Daily News,Daily Times,West African pilot,Guardian newspaper,C,https://myschool.ng/classroom/government/45925?exam_type=waec&exam_year=2015&type=obj&page=9
2015,9,44,objective,,,,One of the prominent West African nationalist leaders was,Kwane Nkrumah,Jomo Kenyatta,S. L. Akintola,Sekou Tource,A,https://myschool.ng/classroom/government/45943?exam_type=waec&exam_year=2015&type=obj&page=9
2015,9,45,objective,,,,Which of the following cannot be altered by a military coup d'etat? The,constitution,legal system,legislature,state,D,https://myschool.ng/classroom/government/45945?exam_type=waec&exam_year=2015&type=obj&page=9
2015,10,46,objective,,,,Laws promulgated by a military government are called,bills,acts,decress,proclamations,C,https://myschool.ng/classroom/government/45946?exam_type=waec&exam_year=2015&type=obj&page=10
2015,10,47,objective,,,,The origin of the Commonwealth of Nations can be traced to,colonial ties,world economic order,equality of states,sovereignty of states,A,https://myschool.ng/classroom/government/45947?exam_type=waec&exam_year=2015&type=obj&page=10
2015,10,48,objective,,,,The origin of the Commonwealth of Nations can be traced to,colonial ties,world economic order,equality of states,sovereignty of states,A,https://myschool.ng/classroom/government/45948?exam_type=waec&exam_year=2015&type=obj&page=10
2015,10,49,objective,,,,The first black African to hold the position of UN Secretary-General was,Salim Ahmed Salirn,Kofi Annan,Emeka Anyaoku,Nelson Mandela,B,https://myschool.ng/classroom/government/45949?exam_type=waec&exam_year=2015&type=obj&page=10
2015,10,50,objective,,,,The Secretary-General of the United Nations Organization (UNO) is appointed for a period of,there years,five years,Seven years,nine years,B,https://myschool.ng/classroom/government/45950?exam_type=waec&exam_year=2015&type=obj&page=10
2016,1,1,objective,,,,Government refers to all the following except,an academic field of study,an organized group of people that formulate policies,a process of making and enforcing laws,an institution made up of people with common interest,D,https://myschool.ng/classroom/government/45218?exam_type=waec&exam_year=2016&type=obj&page=1
2016,1,2,objective,,,,All the following are experienced by a community without government except,insecurity,planned development,lawlessness,political anarchy,B,https://myschool.ng/classroom/government/45219?exam_type=waec&exam_year=2016&type=obj&page=1
2016,1,3,objective,,,,As an academic field the study of government does not include,Political economy,Comparative politics,Public administration,Ecological interaction,D,https://myschool.ng/classroom/government/45220?exam_type=waec&exam_year=2016&type=obj&page=1
2016,1,4,objective,,,,Which of the following systems of government is authoritarian in nature?,Capitalist system,Fascism,Republicanism,Constitutional monarchy,B,https://myschool.ng/classroom/government/45222?exam_type=waec&exam_year=2016&type=obj&page=1
2016,1,5,objective,,,,The system that allows the opposition to participate in governance is,dictatorial,collectivism,aristocratic,democratic,D,https://myschool.ng/classroom/government/45224?exam_type=waec&exam_year=2016&type=obj&page=1
2016,2,6,objective,,,,Which of the following hinders the establishment of a representative government in a state?,Mass illiteracy,Existence of pressure groups,Vibrant political culture,Independent electoral commission,A,https://myschool.ng/classroom/government/45226?exam_type=waec&exam_year=2016&type=obj&page=2
2016,2,7,objective,,,,Which of the following is not an attribute of a state?,Definite territory,Population,Government,Common language,D,https://myschool.ng/classroom/government/45227?exam_type=waec&exam_year=2016&type=obj&page=2
2016,2,8,objective,,,,In a democracy political sovereignty is vested in the,judges,people,legislature,executive,B,https://myschool.ng/classroom/government/45229?exam_type=waec&exam_year=2016&type=obj&page=2
2016,2,9,objective,,,,"According to Charles Montesquieu, the theory of separation of powers is to prevent",influence,authority,power,arbitrariness,D,https://myschool.ng/classroom/government/45230?exam_type=waec&exam_year=2016&type=obj&page=2
2016,2,10,objective,,,,Decentralisation is a common feature of,totalitarian system of government,federal system of government,unitary system of government,fascist system,B,https://myschool.ng/classroom/government/45232?exam_type=waec&exam_year=2016&type=obj&page=2
2016,3,11,objective,,,,Bye-laws are made through,delegated legislation,executive instrument,presidential order,emergency power,A,https://myschool.ng/classroom/government/45234?exam_type=waec&exam_year=2016&type=obj&page=3
2016,3,12,objective,,,,Power is transformed into legal authority through,force,prayers,influence,legitimacy,D,https://myschool.ng/classroom/government/45235?exam_type=waec&exam_year=2016&type=obj&page=3
2016,3,13,objective,,,,Conventions are mostly used by states that have,a large number of illiterates,a lot of people not interested in political activities,unwritten constitution,rigid constitution,C,https://myschool.ng/classroom/government/45237?exam_type=waec&exam_year=2016&type=obj&page=3
2016,3,14,constitution,,,,One advantage of a flexible constitution is that it,can lead to dictatorship,can easily be manipulated,is best suited for a federation,can be amended by a simple majority,D,https://myschool.ng/classroom/government/45260?exam_type=waec&exam_year=2016&type=obj&page=3
2016,3,15,constitution,,,,A constitution that requires complicated procedure for its amendment is,rigid,flexible,written,unwritten,A,https://myschool.ng/classroom/government/45262?exam_type=waec&exam_year=2016&type=obj&page=3
2016,4,16,objective,,,,The official who enforces discipline among members of his party in parliament is the,majority leader,minority leader,clerk of the House,chief whip,D,https://myschool.ng/classroom/government/45263?exam_type=waec&exam_year=2016&type=obj&page=4
2016,4,17,objective,,,,"When an action of the executive is declared ultra-vires, it is a control exercised by the",public,minister,judiciary,parliament,C,https://myschool.ng/classroom/government/45265?exam_type=waec&exam_year=2016&type=obj&page=4
2016,4,18,constitution,,,,"In a presidential system of government, the president can constitutionally be removed from the office through",persuasion,impeachment,coup d' etat,vote -of-no- confidence,B,https://myschool.ng/classroom/government/45269?exam_type=waec&exam_year=2016&type=obj&page=4
2016,4,19,objective,,,,One of the features of an absolute monarch is that the ruler,is elected by the electorate,has a definite tenure of office,is elected by the representatives of the people,wields the supreme power in a state,D,https://myschool.ng/classroom/government/45270?exam_type=waec&exam_year=2016&type=obj&page=4
2016,4,20,objective,,,,A notable feature of cabinet system of government is,collective responsibility,the separation of powers,violation of human rights,impeachment of the executive,A,https://myschool.ng/classroom/government/45272?exam_type=waec&exam_year=2016&type=obj&page=4
2016,5,21,objective,,,,All the following are the conditions for the adoption of federalism except,size,defence,population,homogeneity,D,https://myschool.ng/classroom/government/45273?exam_type=waec&exam_year=2016&type=obj&page=5
2016,5,22,objective,,,,"The privileged citizens enjoyed in a country irrespective of sex, tribe or creed is",right,constitution,manifesto,franchise,A,https://myschool.ng/classroom/government/45275?exam_type=waec&exam_year=2016&type=obj&page=5
2016,5,23,objective,,,,The judicial order requiring a detained person to be brought before a judge is the writ of,Habeas corpus,Mandamus,Prohibition,Certiorari,A,https://myschool.ng/classroom/government/45276?exam_type=waec&exam_year=2016&type=obj&page=5
2016,5,24,objective,,,,A political party can contest and win a widely accepted election if it has,the ability to rig election,intolerant attitude to oppositions,a broad-based membership,the support of very wealthy politicians,C,https://myschool.ng/classroom/government/45279?exam_type=waec&exam_year=2016&type=obj&page=5
2016,5,25,objective,,,,Political parties aim at all the following except,contesting elections,forming a government,organizing general elections,educating the electorate politically,C,https://myschool.ng/classroom/government/45283?exam_type=waec&exam_year=2016&type=obj&page=5
2016,6,26,objective,,,,Which of the following is not a means through which political parties reach the populace?,Posters,newspapers,schools,the internet,C,https://myschool.ng/classroom/government/45286?exam_type=waec&exam_year=2016&type=obj&page=6
2016,6,27,objective,,,,An association whose ultimate aim is to influence government policies is known as,civil service,pressure group,political party,public corporation,B,https://myschool.ng/classroom/government/45288?exam_type=waec&exam_year=2016&type=obj&page=6
2016,6,28,objective,,,,Membership of pressure groups is usually limited because they,pursue specific and narrow objectives,promote other people's interests,do not have dynamic leadership,promote the interest of the government,A,https://myschool.ng/classroom/government/45291?exam_type=waec&exam_year=2016&type=obj&page=6
2016,6,29,objective,,,,Elections are conducted to,provide permanent employment for the people,make the people choose their leaders,known the number of people in a country,know the social amenities in the community,B,https://myschool.ng/classroom/government/45296?exam_type=waec&exam_year=2016&type=obj&page=6
2016,6,30,objective,,,,Suffrage is also known as,franchise,plebiscite,public opinion,electoral college,A,https://myschool.ng/classroom/government/45299?exam_type=waec&exam_year=2016&type=obj&page=6
2016,7,31,objective,,,,For an election to be fair and free Electoral Commission must be,ready to manipulate results,ready to reject criticisms,headed by a minister in the executive,independent of other institutions of government,D,https://myschool.ng/classroom/government/45301?exam_type=waec&exam_year=2016&type=obj&page=7
2016,7,32,objective,,,,Which of the following categories of people can vote in periodic elections?,Minors,Aliens,Lunatics,Citizens,D,https://myschool.ng/classroom/government/45303?exam_type=waec&exam_year=2016&type=obj&page=7
2016,7,33,objective,,,,The anonymity of a civil servant means that he,is above the law of the land,should take part in partisan politics,receives neither praise nor blame publicly,should be prosecuted for professional misconduct,C,https://myschool.ng/classroom/government/45304?exam_type=waec&exam_year=2016&type=obj&page=7
2016,7,34,objective,,,,Which of the following functions is performed by the civil service?,Enactment of laws,Settlement of disputes,Appointment of ministers,Implementation of policies,D,https://myschool.ng/classroom/government/45306?exam_type=waec&exam_year=2016&type=obj&page=7
2016,7,35,objective,,,,Public corporations are established to,make maximum profits,help businessmen,provide employment for defeated politicians,provide utility services to the public at minimal cost,D,https://myschool.ng/classroom/government/45310?exam_type=waec&exam_year=2016&type=obj&page=7
2016,8,36,objective,,,,A minister controls public corporation by,provide the corporation's finances,auditing the accounts of the corporation personally,criticizing the corporation through the mass media,ensuring the effective administration of the corporation,D,https://myschool.ng/classroom/government/45311?exam_type=waec&exam_year=2016&type=obj&page=8
2016,8,37,objective,,,,An institution of government that makes bye-laws is the,judiciary,executive,legislature,local authorities,D,https://myschool.ng/classroom/government/45312?exam_type=waec&exam_year=2016&type=obj&page=8
2016,8,38,objective,,,,Local governments are created to,give more powers to the traditional rulers,bring the government closer to the people,make the people obey more of the local laws,take over the functions of the central government,B,https://myschool.ng/classroom/government/45313?exam_type=waec&exam_year=2016&type=obj&page=8
2016,8,39,objective,,,,Some pre-colonial West African governments were democratic because of the existence of,powerful traditional rulers,age grades,religious institutions,checks and balances,D,https://myschool.ng/classroom/government/45314?exam_type=waec&exam_year=2016&type=obj&page=8
2016,8,40,objective,,,,One of the measures introduced by indirect rule was,collection and keeping of taxes by the chiefs only,not recognizing traditional institutions,fixing and collection of taxes by British officials themselves,exclusion of the educated elite from the colonial administration,D,https://myschool.ng/classroom/government/45315?exam_type=waec&exam_year=2016&type=obj&page=8
2016,9,41,objective,,,,Which of the following policies was replaced by the French Policy of Association?,Apartheid,Assimilation,Indirect rule,Frenchification,,https://myschool.ng/classroom/government/45316?exam_type=waec&exam_year=2016&type=obj&page=9
2016,9,42,objective,,,,The appointment and deposition of chiefs by their people was a demand of the,Pan African Movements,National Congress of British West Africa,West African Students' Union,West African Youth League,A,https://myschool.ng/classroom/government/45317?exam_type=waec&exam_year=2016&type=obj&page=9
2016,9,43,constitution,,,,The desire for constitutional development in British West African Colonies was as a result of the,rigidity of the constitution,desire of the British to review the constitution,power of traditional rulers in British West Africa,growing agitation of the people for political independence,D,https://myschool.ng/classroom/government/45318?exam_type=waec&exam_year=2016&type=obj&page=9
2016,9,44,objective,,,,The following are features of military regimes except,respect for human rights,suspension of the constitution,rules by decrees and edicts,curtailment of human rights,A,https://myschool.ng/classroom/government/45319?exam_type=waec&exam_year=2016&type=obj&page=9
2016,9,45,objective,,,,Military regimes in West Africa have often made use of civilians because,only civilians can make decrees,the soldiers are democratic,civilians are part of the armed forces,they need the experience of civilians in government,D,https://myschool.ng/classroom/government/45320?exam_type=waec&exam_year=2016&type=obj&page=9
2016,10,46,objective,,,,One criticism levelled against the pre-independence political parties in West Africa was that some of them,did not possess credible programmes,did not contribute to political development,were not national in outlook,were instruments of the colonial administration,C,https://myschool.ng/classroom/government/45321?exam_type=waec&exam_year=2016&type=obj&page=10
2016,10,47,objective,,,,Foreign policy is the,general principles that guide foreigners in a country,policy made by a country during war,policy made by a country in peace time,general principles of a country in the conduct of international relations,D,https://myschool.ng/classroom/government/45322?exam_type=waec&exam_year=2016&type=obj&page=10
2016,10,48,objective,,,,The Commonwealth of Nations was originally made up of,former Portuguese colonies in Africa,former Spanish colonies in Africa,independent nations formerly under British Empire,France and her former colonies in West Africa,C,https://myschool.ng/classroom/government/45323?exam_type=waec&exam_year=2016&type=obj&page=10
2016,10,49,objective,,,,Which of the following countries was not instrumental to the formation of the United Nations Organization (UNO)?,United States of America,Britain,Germany,USSR,C,https://myschool.ng/classroom/government/45324?exam_type=waec&exam_year=2016&type=obj&page=10
2017,1,1,objective,,,,"According to Karl Max, socialism developed as a consequence of the evils of ________",monarhcy,communalism,feudalism,capitalism,D,https://myschool.ng/classroom/government/46869?exam_type=waec&exam_year=2017&type=obj&page=1
2017,1,2,objective,,,,"In the United States of America, legislature is called the",Congress,National Assembly,National Security,Parliament,A,https://myschool.ng/classroom/government/46870?exam_type=waec&exam_year=2017&type=obj&page=1
2017,1,3,objective,,,,Which of the following agents can be considered as the most effective agent of political socialisation? The _______,family,peer group,school,mass media,A,https://myschool.ng/classroom/government/46871?exam_type=waec&exam_year=2017&type=obj&page=1
2017,1,4,objective,,,,A corrupt judicial system erodes the observance of _______,national peace and stability,the rule of law,international laws and conventions,democratic values of the executive,B,https://myschool.ng/classroom/government/46872?exam_type=waec&exam_year=2017&type=obj&page=1
2017,1,5,objective,,,,The body responsible for the implementation of law is the _____,judiciary,legislature,executive,court,C,https://myschool.ng/classroom/government/46873?exam_type=waec&exam_year=2017&type=obj&page=1
2017,2,6,constitution,,,,"In a constitutional monarchy, the king or queen is referred to as",ceremonial head,political head,constitutional head,democratic leader,A,https://myschool.ng/classroom/government/46874?exam_type=waec&exam_year=2017&type=obj&page=2
2017,2,7,objective,,,,Military intervention into the politics of a state involves ______,an overthrow of a legitimate government by pressure groups,the seizure of power from a legitimate government by the armed forces,violent overthrow of a democratic government by the police,the legitimate seizure of power by the police and civilians,B,https://myschool.ng/classroom/government/46875?exam_type=waec&exam_year=2017&type=obj&page=2
2017,2,8,objective,,,,Local government are vital in modern politics as they ________,encourage dictatorship,train the local people in the art of governance,make laws for the whole country,execute government policies at all levels,B,https://myschool.ng/classroom/government/46876?exam_type=waec&exam_year=2017&type=obj&page=2
2017,2,9,objective,,,,Which of the following is a civil/public servant?,House majority leader,Clerk of the House,Party whip,Minister of education,D,https://myschool.ng/classroom/government/46877?exam_type=waec&exam_year=2017&type=obj&page=2
2017,2,10,objective,,,,"In a military regime, the arms of government that are usually fused are _________",executive and judiciary,legislature and local council,legislature and executive,judiciary and the press,C,https://myschool.ng/classroom/government/46878?exam_type=waec&exam_year=2017&type=obj&page=2
2017,3,11,constitution,,,,A constitution is considered to be flexible if it _______?,can be amended by a simple majority,can be altered through special procedure,requires two third majority,is difficult to amend,A,https://myschool.ng/classroom/government/46879?exam_type=waec&exam_year=2017&type=obj&page=3
2017,3,12,objective,,,,The principle of checks and balances is important because it,prevents each organ of government from being dictatorial,frees other organs from judicial control,makes the organs confront themselves,makes the government to perform it civic responsibilities,A,https://myschool.ng/classroom/government/46880?exam_type=waec&exam_year=2017&type=obj&page=3
2017,3,13,objective,,,,Which of the following is a fundamental right? Right to,life,education,criticize government,public office,A,https://myschool.ng/classroom/government/46881?exam_type=waec&exam_year=2017&type=obj&page=3
2017,3,14,objective,,,,Government maintains law and order through the following except ________?,police,immigration,the legislature,prison service,C,https://myschool.ng/classroom/government/46882?exam_type=waec&exam_year=2017&type=obj&page=3
2017,3,15,objective,,,,A corrupt judicial system erodes the observance of ______?,national peace and stability,the rule of law,international laws and conventions,democratic values of the executive,B,https://myschool.ng/classroom/government/46883?exam_type=waec&exam_year=2017&type=obj&page=3
2017,4,16,objective,,,,Which of the following statements about public corporation is not true?,It is managed by a board of directors,It is established by an act of parliament,A huge capital is needed for its establishment,It is financed mainly by private individuals,D,https://myschool.ng/classroom/government/46884?exam_type=waec&exam_year=2017&type=obj&page=4
2017,4,17,objective,,,,Acceptability of the government in power by the governed is known as,legitimacy,sovereignty,democracy,authority,A,https://myschool.ng/classroom/government/46885?exam_type=waec&exam_year=2017&type=obj&page=4
2017,4,18,objective,,,,Which of the following countries practiced totalitarianism?,"Germany, Russia and Japan","Italy, Russia and Germany","Italy, Germany and Japan","Russia, Italy and England",B,https://myschool.ng/classroom/government/46886?exam_type=waec&exam_year=2017&type=obj&page=4
2017,4,19,objective,,,,A function of government is _________,controlling electoral commission,organizing pressure groups,making of laws,forming political parties,C,https://myschool.ng/classroom/government/46887?exam_type=waec&exam_year=2017&type=obj&page=4
2017,4,20,objective,,,,The excessive power of the traditional rulers in the pre-colonial era could checked by ________,the hunters,the priests,children of the chiefs,the farmers,B,https://myschool.ng/classroom/government/46888?exam_type=waec&exam_year=2017&type=obj&page=4
2017,5,21,objective,,,,The post-Second World War Nationalism in West Africa was characterised by,disorganization,lukewarm demands,disorientation,increased agitation,D,https://myschool.ng/classroom/government/46889?exam_type=waec&exam_year=2017&type=obj&page=5
2017,5,22,objective,,,,The rights of citizens to benefit from public utility is classified as,social rights,natural rights,religious rights,political rights,A,https://myschool.ng/classroom/government/46890?exam_type=waec&exam_year=2017&type=obj&page=5
2017,5,23,objective,,,,Which of the following strengthen the power of the Supreme Court against the executive and the legislature?,Judicial precedent,Judicial review,Court injunction,Oath swearing,B,https://myschool.ng/classroom/government/46891?exam_type=waec&exam_year=2017&type=obj&page=5
2017,5,24,objective,,,,Policy of assimilation was successfully operated by the French in,Lome,Goree,Bamako,Abidjan,B,https://myschool.ng/classroom/government/46892?exam_type=waec&exam_year=2017&type=obj&page=5
2017,5,25,objective,,,,The theory of separation of powers was propounded by ________,A. V Decay,Max Weber,Charles Montesquieu,Gabriel Almond,C,https://myschool.ng/classroom/government/46893?exam_type=waec&exam_year=2017&type=obj&page=5
2017,6,26,objective,,,,Which of the following is not a method used by pressure groups to achieve their objectives?,Employing lobbyists,Embarking on demonstrations,Embarking on strikes and boycotts,Contesting for political positions,D,https://myschool.ng/classroom/government/46894?exam_type=waec&exam_year=2017&type=obj&page=6
2017,6,27,theory,,,,Government is defined as an agency established to manage the affairs of _________,rulers,foreigners,the state,all workers,C,https://myschool.ng/classroom/government/46895?exam_type=waec&exam_year=2017&type=obj&page=6
2017,6,28,objective,,,,Provision of political education through rallies and newspapers is a function of _________,political parties,pressure groups,educated elite,the clergy,A,https://myschool.ng/classroom/government/46896?exam_type=waec&exam_year=2017&type=obj&page=6
2017,6,29,objective,,,,Which system of government has fusion of ceremonial and executive functions as a feature ________,Presidential,Cabinet,Confederal,Republican,A,https://myschool.ng/classroom/government/46897?exam_type=waec&exam_year=2017&type=obj&page=6
2017,6,30,objective,,,,"An agreed set of regulations, conventions and customs by which a country or an organisation is governed is the ________",constitution,sovereignty,suffrage,culture,A,https://myschool.ng/classroom/government/46898?exam_type=waec&exam_year=2017&type=obj&page=6
2017,7,31,objective,,,,A system of government which is based on public ownership of means of production and distribution is called,socialism,capitalism,feudalism,oligarchy,A,https://myschool.ng/classroom/government/46899?exam_type=waec&exam_year=2017&type=obj&page=7
2017,7,32,objective,,,,"In the pre-colonial era, the breaking of an oath by a chief could _________",lead to a war with his neighbours,lead to ritual cleansing,make his state come under a curse,lead to his destoolment,D,https://myschool.ng/classroom/government/46900?exam_type=waec&exam_year=2017&type=obj&page=7
2017,7,33,objective,,,,Which of the following is not a feature of a state?,sovereignty,Government,Mass Media,Territory,C,https://myschool.ng/classroom/government/46901?exam_type=waec&exam_year=2017&type=obj&page=7
2017,7,34,constitution,,,,One feature of pre-independence constitutions in West Africa is the,judicial and executive councils,executive and legislative councils,judicial and legislative councils,consultative and judicial councils,B,https://myschool.ng/classroom/government/46902?exam_type=waec&exam_year=2017&type=obj&page=7
2017,7,35,objective,,,,The guiding principle of communism is from each according to his/her,ability and to each according to his/her need',qualification and to each according to his/her need',race and to each according to his/her ability',age and to each according to his/ her status,A,https://myschool.ng/classroom/government/46903?exam_type=waec&exam_year=2017&type=obj&page=7
2017,8,36,objective,,,,The political party whose membership comprises people of high social status is called,religious party,broker party,elite party,mass party,C,https://myschool.ng/classroom/government/46904?exam_type=waec&exam_year=2017&type=obj&page=8
2017,8,37,objective,,,,For democracy to be sustained in a country it needs a,rich political leader,well - informed electorate,partial electoral commission,large police force,B,https://myschool.ng/classroom/government/46905?exam_type=waec&exam_year=2017&type=obj&page=8
2017,8,38,objective,,,,The electoral system in which the winner should have more than all the votes of all the other contestants put together is called,simple majority system,referendum,second ballot system,absolute majority system,D,https://myschool.ng/classroom/government/46906?exam_type=waec&exam_year=2017&type=obj&page=8
2017,8,39,objective,,,,Colonial administration in West Africa was a result of,a need for a new environment,the desire to underdevelop West Africa,a need for raw materials and markets,the urge to introduce western education,C,https://myschool.ng/classroom/government/46907?exam_type=waec&exam_year=2017&type=obj&page=8
2017,8,40,objective,,,,The Secretary of State for the colonies was responsible for,democratization of local governments,initiating colonial policies,fighting for the interest of the people,working with traditional rulers,B,https://myschool.ng/classroom/government/46908?exam_type=waec&exam_year=2017&type=obj&page=8
2017,9,41,objective,,,,A political party is significant because it _____?,stimulates political rancour,encourages electoral malpractices,seeks political power,settles disputes,C,https://myschool.ng/classroom/government/46909?exam_type=waec&exam_year=2017&type=obj&page=9
2017,9,42,objective,,,,One primary objective of the New Partnership for African Development (NEPAD) is to,settle disputes among African nations,eradicate poverty,betray corrupt African leaders,protect African citizens,B,https://myschool.ng/classroom/government/46910?exam_type=waec&exam_year=2017&type=obj&page=9
2017,9,43,objective,,,,The crown colonies in the British West Africa were administered through _________,assimilation,decentralization,association,direct rule,D,https://myschool.ng/classroom/government/46911?exam_type=waec&exam_year=2017&type=obj&page=9
2017,9,44,objective,,,,One duty of a good citizen is __________,building schools and hospitals,respect of the dignity and rights of others,loyalty to other nations,defending a suspect,B,https://myschool.ng/classroom/government/46912?exam_type=waec&exam_year=2017&type=obj&page=9
2017,9,45,constitution,,,,One of the defects associated with most pre-independence constitutions in British West Africa was ________,veto power of the Governor,all inclusive franchise,African domination of the executive council,African domination of the legislative council,A,https://myschool.ng/classroom/government/46913?exam_type=waec&exam_year=2017&type=obj&page=9
2017,10,46,objective,,,,An effective way of strengthening societal institutions is through the expression of ____________,person opinion,group opinion,elite opinion,public opinion,D,https://myschool.ng/classroom/government/46914?exam_type=waec&exam_year=2017&type=obj&page=10
2017,10,47,objective,,,,"A ""Yes"" or No"" vote on a specific political issue in a country is called ________",referendum,public opinion,gerrymandering,suffrage,A,https://myschool.ng/classroom/government/46915?exam_type=waec&exam_year=2017&type=obj&page=10
2017,10,48,objective,,,,Bicameralism is necessary in a federal state to demonstrate that __________,the executive is adequately represented,localized interests receive adequate representation,representation in the upper house is base on population,representation of the rich in society is taken care of,B,https://myschool.ng/classroom/government/46916?exam_type=waec&exam_year=2017&type=obj&page=10
2017,10,49,objective,,,,The Economic Community of West African States (ECOWAS) was formally established in Lagos on _________,"December 20, 1945",June 20. 1963,"March 15, 1971","May 28, 1975",D,https://myschool.ng/classroom/government/46917?exam_type=waec&exam_year=2017&type=obj&page=10
2017,10,50,objective,,,,A political system in which there is only one legalized political party is called a ________,de jure one-party system,de facto one-party system,totalitarian single party system,mass party system,A,https://myschool.ng/classroom/government/46918?exam_type=waec&exam_year=2017&type=obj&page=10
2018,1,1,objective,,,,A government performs the following functions except?,safeguarding life and property,maintaining law and order,providing all the needs of its citizens,providing basic welfare needs,C,https://myschool.ng/classroom/government/48339?exam_type=waec&exam_year=2018&type=obj&page=1
2018,1,2,objective,,,,A political system in which the government controls every aspect of a citizen's life is _________.,feudalism,monarchy,democracy,totalitarianism,D,https://myschool.ng/classroom/government/48352?exam_type=waec&exam_year=2018&type=obj&page=1
2018,1,3,objective,,,,A political system in which the state owns and controls the major means of production is known as?,feudalism,socialism,fascism,capitalism,B,https://myschool.ng/classroom/government/48353?exam_type=waec&exam_year=2018&type=obj&page=1
2018,1,4,objective,,,,Communist governments aim at distributing goods and services according to _____________.,gender and class,loyalty to the party,need and ability,work and residence,C,https://myschool.ng/classroom/government/48356?exam_type=waec&exam_year=2018&type=obj&page=1
2018,1,5,objective,,,,The theory of separation of power is associated with?,Jean Bodin,Baron de Montesquieu,A.V Dicey,J.J Rousseau,B,https://myschool.ng/classroom/government/48357?exam_type=waec&exam_year=2018&type=obj&page=1
2018,2,6,objective,,,,The basic purpose of setting up a state is to ___________.,maintain law and order,protect foreign interest,Promote development,provide social facilities,A,https://myschool.ng/classroom/government/48358?exam_type=waec&exam_year=2018&type=obj&page=2
2018,2,7,objective,,,,The process of taking part in the selection of leaders in a country is political ___________.,socialization,participation,interaction,culture,B,https://myschool.ng/classroom/government/48360?exam_type=waec&exam_year=2018&type=obj&page=2
2018,2,8,objective,,,,"By comparison, a state is ______________.",less permanent than a government,more permanent than a government,more changeable than a government,equally permanent with a government,B,https://myschool.ng/classroom/government/48362?exam_type=waec&exam_year=2018&type=obj&page=2
2018,2,9,objective,,,,"in modern democracy, a government is?",a contract between the rulers and the ruled,a preserve of the political party in power,monopoly of the ethnic groups in the majority,alternation of power between the minority and majority tribes,A,https://myschool.ng/classroom/government/48371?exam_type=waec&exam_year=2018&type=obj&page=2
2018,2,10,objective,,,,The rule of law can be limited by?,power,state of emergency,legitimacy,checks and balances,B,https://myschool.ng/classroom/government/48377?exam_type=waec&exam_year=2018&type=obj&page=2
2018,3,11,objective,,,,The principle of separation of power becomes meaningful when it is linked with the concept of?,the certainty of the law,checks and balances,legality of the law,judicial independence,B,https://myschool.ng/classroom/government/48383?exam_type=waec&exam_year=2018&type=obj&page=3
2018,3,12,objective,,,,Which of the following does not militate against representative government in West Africa?,electoral irregularities,coup d' etat,gagged media,universal adult suffrage,D,https://myschool.ng/classroom/government/48385?exam_type=waec&exam_year=2018&type=obj&page=3
2018,3,13,objective,,,,Those who believe in democracy and good governance are opposed to a single party system because?,encourages weak leadership,does not ensure national unity,curtails personal liberty,encourages divisiveness,C,https://myschool.ng/classroom/government/48390?exam_type=waec&exam_year=2018&type=obj&page=3
2018,3,14,objective,,,,The fundamental law of a country refers to its?,acts of parliament,conventions,constitution,judicial precedence,C,https://myschool.ng/classroom/government/48392?exam_type=waec&exam_year=2018&type=obj&page=3
2018,3,15,constitution,,,,A country's constitution could be derived from the following sources except?,judicial precedents,customary sources,statutory sources,party manifestoes,D,https://myschool.ng/classroom/government/48395?exam_type=waec&exam_year=2018&type=obj&page=3
2018,4,16,objective,,,,Planning and formulation of government policies are first initiated at?,cabinet meetings,media houses,political rallies,open forum,A,https://myschool.ng/classroom/government/48396?exam_type=waec&exam_year=2018&type=obj&page=4
2018,4,17,objective,,,,Which of the following is the primary function of a parliament?,impeachment of the president,making of laws,ratifying international treaties,acting as an electoral college,B,https://myschool.ng/classroom/government/48397?exam_type=waec&exam_year=2018&type=obj&page=4
2018,4,18,objective,,,,Judicial review is a mechanism for checking __________.,arbitrary use of power,irresponsible journalism,electoral malpractices,military adventures,A,https://myschool.ng/classroom/government/48399?exam_type=waec&exam_year=2018&type=obj&page=4
2018,4,19,objective,,,,"In a parliamentary system of government, the legislature and executive are fused to ensure .",supremacy of the ruling party in administering the state,smoothness in the administration of the state,the constitution is read in parliament at all time,the judiciary consults parliament before ruling on cases,B,https://myschool.ng/classroom/government/48402?exam_type=waec&exam_year=2018&type=obj&page=4
2018,4,20,objective,,,,A country with homogeneous societies and a small population is suitable for the establishment of ____________.,a unitary state,a nation state,a federal state,an autonomous state,A,https://myschool.ng/classroom/government/48406?exam_type=waec&exam_year=2018&type=obj&page=4
2018,5,21,objective,,,,Which of the following factors usually leads to the collapse of a confederal state?,weak central government,absent of a confederal parliament,ill equipped armed forces,absence of a ceremonial head of state,A,https://myschool.ng/classroom/government/48407?exam_type=waec&exam_year=2018&type=obj&page=5
2018,5,22,objective,,,,"In the presidential system of government, the chief executive is responsible to the _____________.",judiciary,monarch,electorate,senate,C,https://myschool.ng/classroom/government/48410?exam_type=waec&exam_year=2018&type=obj&page=5
2018,5,23,objective,,,,A federal government is a form of __________.,decentralization,centralization,confederation,revolution,A,https://myschool.ng/classroom/government/48416?exam_type=waec&exam_year=2018&type=obj&page=5
2018,5,24,objective,,,,Which of the following alternatives is a feature of a federation,unwritten constitution,unicameral legislature,supremacy of the constitution,right to secede,C,https://myschool.ng/classroom/government/48419?exam_type=waec&exam_year=2018&type=obj&page=5
2018,5,25,objective,,,,"To preserve individual liberties, the judiciary should _____________.",consist of honest and impartial judges,be appointed by the executives,be prosecuted for judgement against the executive,participate in partisan politics,A,https://myschool.ng/classroom/government/48421?exam_type=waec&exam_year=2018&type=obj&page=5
2018,6,26,objective,,,,Citizens can seek redress against injustice from the state through the?,ombudsman,head of civil service,civil service commission,titular executive,A,https://myschool.ng/classroom/government/48423?exam_type=waec&exam_year=2018&type=obj&page=6
2018,6,27,objective,,,,Which of these functions is performed by both political parties and pressure groups?,interest aggregation and articulation,source of mediation in a state,provision of specialized information,seeking to manage the affairs of the state,A,https://myschool.ng/classroom/government/48434?exam_type=waec&exam_year=2018&type=obj&page=6
2018,6,28,objective,,,,Which of these is not a source of revenue for political parties?,dues,grants,tolls,donations,C,https://myschool.ng/classroom/government/48444?exam_type=waec&exam_year=2018&type=obj&page=6
2018,6,29,objective,,,,Pressure groups seek to influence the policies of the government ______________.,to the advantage of their members,so that all citizens can benefit,to suit the manifestos of political parties,to conform with electoral act,A,https://myschool.ng/classroom/government/48447?exam_type=waec&exam_year=2018&type=obj&page=6
2018,6,30,objective,,,,Which of the following agencies helps the most in shaping public opinion?,pressure groups,mass media,college and universities,peer groups,B,https://myschool.ng/classroom/government/48454?exam_type=waec&exam_year=2018&type=obj&page=6
2018,7,31,objective,,,,Public opinion can be measured through all of the following except the?,imposition of laws without any debate,conduct of opinion,general review,holding of referendum in a state,A,https://myschool.ng/classroom/government/48462?exam_type=waec&exam_year=2018&type=obj&page=7
2018,7,32,objective,,,,An electoral system which allows party members to elect candidates for elective offices is called?,by election,primary election,general election,direct election,B,https://myschool.ng/classroom/government/48467?exam_type=waec&exam_year=2018&type=obj&page=7
2018,7,33,objective,,,,On which of the following grounds can a citizen abstain from voting?,religion,education,wealth,status,D,https://myschool.ng/classroom/government/48468?exam_type=waec&exam_year=2018&type=obj&page=7
2018,7,34,theory,,,,Indirect election is best described as?,only women electing legislators,the citizenry electing legislators,electoral college electing legislators,only adults electing legislators,C,https://myschool.ng/classroom/government/48470?exam_type=waec&exam_year=2018&type=obj&page=7
2018,7,35,objective,,,,The class that controls and supervises the activities of the executive class in the civil service is?,clerical class,manipulative class,professional class,administrative class,D,https://myschool.ng/classroom/government/48474?exam_type=waec&exam_year=2018&type=obj&page=7
2018,8,36,objective,,,,The agency responsible for investigating allegations of maladministration and punishing offending career officers in the executive is the?,federal character commission,ethics commission,judicial commission,public/civil service commission,D,https://myschool.ng/classroom/government/48477?exam_type=waec&exam_year=2018&type=obj&page=8
2018,8,37,objective,,,,The anonymity of civil servants means that they should not be?,prosecuted for any professional misconduct,disciplined because of their expertise,above the law of the land,praised or blamed publicly,D,https://myschool.ng/classroom/government/48478?exam_type=waec&exam_year=2018&type=obj&page=8
2018,8,38,objective,,,,The following were limitations imposed on traditional rulers under colonial rule except?,were not permitted to raise armed forces,had no power to impose tax,had no power to install or dispose a chief,were no longer spiritual heads of the people,D,https://myschool.ng/classroom/government/48481?exam_type=waec&exam_year=2018&type=obj&page=8
2018,8,39,objective,,,,A system of administration which allowed traditional rulers to rule their people under the supervision of the British officials in West Africa is?,divide and rule,colonization,indirect rule,assimilation,C,https://myschool.ng/classroom/government/48483?exam_type=waec&exam_year=2018&type=obj&page=8
2018,8,40,objective,,,,Local government is established in order to _________,bring government nearer to the people,build churches and mosque,curb corruption in the society,promote political apathy,A,https://myschool.ng/classroom/government/48490?exam_type=waec&exam_year=2018&type=obj&page=8
2018,9,41,objective,,,,One reason for the adoption of Indirect Rule in British West Africa was?,availability of British officials,to ensure justice,inadequate finance,to assimilate the indigenes,C,https://myschool.ng/classroom/government/48493?exam_type=waec&exam_year=2018&type=obj&page=9
2018,9,42,objective,,,,Which of the following policies replaced Assimilation?,indigenat,loi cadre,association,indirect rule,C,https://myschool.ng/classroom/government/48497?exam_type=waec&exam_year=2018&type=obj&page=9
2018,9,43,objective,,,,Which of the following is a reason for the failure of the assimilation policy in French West Africa?,the change in the name of their culture,the refusal of Africans to be culturally colonized,the democratic policy of the french,bribery of the opinion leaders by the french,B,https://myschool.ng/classroom/government/48498?exam_type=waec&exam_year=2018&type=obj&page=9
2018,9,44,objective,,,,Nationalism prior to the second world war was led by?,educated elites and chiefs,chiefs and elders,aggrieved cocoa farmers,African merchants,A,https://myschool.ng/classroom/government/48501?exam_type=waec&exam_year=2018&type=obj&page=9
2018,9,45,objective,,,,Which of the following is not a factor leading to military intervention in West African states?,excessive control of public enterprise,falsification of election results,mismanagement of the country's economy,corruption in high places,A,https://myschool.ng/classroom/government/48503?exam_type=waec&exam_year=2018&type=obj&page=9
2018,10,46,objective,,,,One of the problems of military administration in West Africa is that soldiers,are representatives of the people,lack discipline,are not well organized,are not trained for governance,D,https://myschool.ng/classroom/government/48509?exam_type=waec&exam_year=2018&type=obj&page=10
2018,10,47,objective,,,,"In order to promote democracy and good governance, the commonwealth of Nations",prosecutes leaders who commit atrocities at the international criminal court,organises seminars and training programs on technical assistance to members,sanction members who do not pay their dues,sponsors election observer teams to monitor the conduct of elections.,D,https://myschool.ng/classroom/government/48517?exam_type=waec&exam_year=2018&type=obj&page=10
2018,10,48,objective,,,,The foreign policy of a country could be influenced by?,personality of political leader,number of schools in a country,number of ministers in a country,national,A,https://myschool.ng/classroom/government/48518?exam_type=waec&exam_year=2018&type=obj&page=10
2018,10,49,objective,,,,Which of the following is not a problem faced by ECOWAS,financial security,political instability,larger market,colonial heritage,A,https://myschool.ng/classroom/government/48522?exam_type=waec&exam_year=2018&type=obj&page=10
2018,10,50,objective,,,,The United Nation Organisation (UNO) is primary regarded as successful because,its members continue to increase,of its control of outbreak of another world war,all member countries have veto power,more member countries acquire more nuclear power,B,https://myschool.ng/classroom/government/48528?exam_type=waec&exam_year=2018&type=obj&page=10
2019,1,1,constitution,,,,"The constitutional power given to the judiciary to interpret legislative acts, executive and administrative actions and to declare its constitutionality or otherwise is _____",judicial power,separation of power,judicial review,administrative processes,C,https://myschool.ng/classroom/government/57081?exam_type=waec&exam_year=2019&type=obj&page=1
2019,1,2,objective,,,,The ultimate duty of a citizen is to demonstrate his/her __________,allegiance to the sovereign,loyalty to the state,respect for the national flag,contribution to government expenditure,B,https://myschool.ng/classroom/government/57298?exam_type=waec&exam_year=2019&type=obj&page=1
2019,1,3,objective,,,,Conventions and usages are rules based on ________,traditions and customs,previous constitutions,legal documents,decisions of commoners,A,https://myschool.ng/classroom/government/57300?exam_type=waec&exam_year=2019&type=obj&page=1
2019,1,4,objective,,,,The body responsible for the execution of the policies of government is the ______,Pressure group,Civil service,Constitutional Conference,Electoral Commission,B,https://myschool.ng/classroom/government/57303?exam_type=waec&exam_year=2019&type=obj&page=1
2019,1,5,theory,,,,The Electorate is defined as ________,intended candidates for voting,elected party members,elected civil society group,citizens that are qualified to vote,D,https://myschool.ng/classroom/government/57306?exam_type=waec&exam_year=2019&type=obj&page=1
2019,2,6,objective,,,,The right to govern and administer the affairs of the people of a country is ________,power,diplomacy,authority,influence,C,https://myschool.ng/classroom/government/57309?exam_type=waec&exam_year=2019&type=obj&page=2
2019,2,7,objective,,,,One of the following is a characteristic of a unitary system,Heterogeneous society,Homogeneous society,Communal society,Feudal society,B,https://myschool.ng/classroom/government/57311?exam_type=waec&exam_year=2019&type=obj&page=2
2019,2,8,objective,,,,The mass type of party is ________,broad-based,capitalist,feudalist,conservative,A,https://myschool.ng/classroom/government/57314?exam_type=waec&exam_year=2019&type=obj&page=2
2019,2,9,objective,,,,Who among the following provided the detailed work on sovereignty?,Jean Bodin,Fredrick Englels,Bolaji Akinyemi,Thomas Hobbes,A,https://myschool.ng/classroom/government/57319?exam_type=waec&exam_year=2019&type=obj&page=2
2019,2,10,objective,,,,The family and peer groups are important agents of _________,political culture,political socialization,charismatic authority,traditional authority,B,https://myschool.ng/classroom/government/57322?exam_type=waec&exam_year=2019&type=obj&page=2
2019,3,11,objective,,,,The confederal system of government is unpopular because ___________,the government operates oligarchy system,it does not follow due process,it discourages rapid development,all the component units are sovereign,D,https://myschool.ng/classroom/government/57325?exam_type=waec&exam_year=2019&type=obj&page=3
2019,3,12,objective,,,,Local government is relevant because it provides political ______,discussion among electorate,discipline among party members,representation in the judiciary,participation at the grassroots,D,https://myschool.ng/classroom/government/57329?exam_type=waec&exam_year=2019&type=obj&page=3
2019,3,13,objective,,,,Pressure groups provide _______,manifestoes for political parties,sponsorship of candidates,aims and objectives for a wider appeal to the electorates.,means by which government ascertain public reactions to their policies,D,https://myschool.ng/classroom/government/57334?exam_type=waec&exam_year=2019&type=obj&page=3
2019,3,14,comprehension,,,,The authority of the state is collectively exercised by the _______,"executive, legislative, judiciary","president, governor and chairman","police, army and navy","government, people and civil servants",A,https://myschool.ng/classroom/government/57340?exam_type=waec&exam_year=2019&type=obj&page=3
2019,3,15,objective,,,,"In a presidential system of government, legislative approval is not necessary for the ________",appointment of supreme court judges,rectification of treaties,granting of pardons,appointments of civil servants,D,https://myschool.ng/classroom/government/57348?exam_type=waec&exam_year=2019&type=obj&page=3
2019,4,16,objective,,,,The following are the reasons widely espoused for military intervention and rules in West Africa except ______,Tribalism and Nepotism,inordinate ambition of soldiers,maladministration,religion,D,https://myschool.ng/classroom/government/57372?exam_type=waec&exam_year=2019&type=obj&page=4
2019,4,17,objective,,,,Which of the following electoral systems is ideal for a heterogeneous society?,simple majority,preferential ballot,non-transferable vote,proportional representation,D,https://myschool.ng/classroom/government/57375?exam_type=waec&exam_year=2019&type=obj&page=4
2019,4,18,constitution,,,,A constitution performs the role of ________,law making,law enforcement,communicating the ideals of leaders,stating the functions and limitations of leaders,D,https://myschool.ng/classroom/government/57376?exam_type=waec&exam_year=2019&type=obj&page=4
2019,4,19,objective,,,,The impeachment process is a unique feature of the ______,parliamentary system,presidential system,federal system,unitary system,B,https://myschool.ng/classroom/government/57377?exam_type=waec&exam_year=2019&type=obj&page=4
2019,4,20,objective,,,,Which of the following is a function of the party whip?,flogging erring party members,ensuring that the members tow the party position,ensuring the safety of the speaker,assessing the performance of the law makers,B,https://myschool.ng/classroom/government/57404?exam_type=waec&exam_year=2019&type=obj&page=4
2019,5,21,objective,,,,Labour groups mostly come under the umbrella of the ________,industrial workers' union,trades union congress,anomic group,civil defence,B,https://myschool.ng/classroom/government/57407?exam_type=waec&exam_year=2019&type=obj&page=5
2019,5,22,objective,,,,The major problem facing electoral management bodies in West Africa is _______,Lack of qualified personnel,poor communication network,foreign interference,electoral malpractice,D,https://myschool.ng/classroom/government/57415?exam_type=waec&exam_year=2019&type=obj&page=5
2019,5,23,objective,,,,The features of a state include all the following except _______,government,territory,society,population,C,https://myschool.ng/classroom/government/57421?exam_type=waec&exam_year=2019&type=obj&page=5
2019,5,24,objective,,,,To facilitate the movement of people from one member to another the Economic Community of West African States (ECOWAS) has _________,created several border posts within member states,waived visa requirements for citizens of member countries,created one currency for all member countries,maintained regional peace and security through deployment of forces,B,https://myschool.ng/classroom/government/57427?exam_type=waec&exam_year=2019&type=obj&page=5
2019,5,25,objective,,,,Public Corporations are referred to as statutory bodies because they are established by _________,a legislative instrument,Acts of parliament,an executive instrument,Bye-laws,B,https://myschool.ng/classroom/government/57431?exam_type=waec&exam_year=2019&type=obj&page=5
2019,6,26,objective,,,,Which state institution serves as a link between the government and the people?,Office of the president,The civil service,the judiciary,the church,B,https://myschool.ng/classroom/government/57435?exam_type=waec&exam_year=2019&type=obj&page=6
2019,6,27,objective,,,,"The media play a vital role in the political environment in that, it ________",articulates the views of individuals,incites people to be lawless,projects individuals above the state,articulates the views of the ruling party,A,https://myschool.ng/classroom/government/57436?exam_type=waec&exam_year=2019&type=obj&page=6
2019,6,28,objective,,,,Military might is a major determinant of a country's _______,independence,democracy,foreign policy,wealth,C,https://myschool.ng/classroom/government/57440?exam_type=waec&exam_year=2019&type=obj&page=6
2019,6,29,objective,,,,The major role of minority parties in parliament is to _______,criticize every government policy,ensure democratic governance,monitor the activities of the president,supervise the passage of bills,B,https://myschool.ng/classroom/government/57445?exam_type=waec&exam_year=2019&type=obj&page=6
2019,6,30,objective,,,,The political parties established in West Africa in the 1950's were aimed at ________,securing independence for their people,Participating in the colonial administration,introducing guerilla warfare against Europeans,representing their people in the British parliament,A,https://myschool.ng/classroom/government/57455?exam_type=waec&exam_year=2019&type=obj&page=6
2019,7,31,objective,,,,The Commonwealth Secretariat is located in _________,Los Angeles,Kuala-Lumpur,London,Glasgow,C,https://myschool.ng/classroom/government/57457?exam_type=waec&exam_year=2019&type=obj&page=7
2019,7,32,objective,,,,Which colonial administration in West Africa sought to integrate her colonies with their home country?,British,Dutch,French,Danes,C,https://myschool.ng/classroom/government/57459?exam_type=waec&exam_year=2019&type=obj&page=7
2019,7,33,objective,,,,The following are benefits member countries derive from the Economic Community of West African State (ECOWAS) except _______,economic cooperation,Larger market,military assistance,free ports,D,https://myschool.ng/classroom/government/57463?exam_type=waec&exam_year=2019&type=obj&page=7
2019,7,34,objective,,,,Which of the following is not an obligation of a citizen?,payment of taxes,voting in an election,protecting public property,attending religious gathering,D,https://myschool.ng/classroom/government/57465?exam_type=waec&exam_year=2019&type=obj&page=7
2019,7,35,objective,,,,The implementation of indirect rule was supervised by the __________,Chiefs and Councils of elders,British officials,spiritual leaders of the land,educated elite,B,https://myschool.ng/classroom/government/57468?exam_type=waec&exam_year=2019&type=obj&page=7
2019,8,36,objective,,,,The electronic and print media makes their views heard on national issues through_______,public notice,adverisement,documentary,editorial commentary,C,https://myschool.ng/classroom/government/57473?exam_type=waec&exam_year=2019&type=obj&page=8
2019,8,37,objective,,,,Any type of restricted franchise is a violation of the principle of ________,constitutionalism,soveriegnty,political equality,editorial commentary,C,https://myschool.ng/classroom/government/57503?exam_type=waec&exam_year=2019&type=obj&page=8
2019,8,38,objective,,,,Public corporation can operate in a more efficient manner if they are ________,free from political interference,controlled by the judicial service commission,under the head of the civil service,controlled by the military,A,https://myschool.ng/classroom/government/57507?exam_type=waec&exam_year=2019&type=obj&page=8
2019,8,39,objective,,,,The agency responsible for fulfilling the purpose of the state is ________,government,pressure group,public corporation,media,A,https://myschool.ng/classroom/government/57513?exam_type=waec&exam_year=2019&type=obj&page=8
2019,8,40,objective,,,,The power of the electorate signifies _________,political sovereignty,legal sovereignty,external sovereignty,internal sovereignty,A,https://myschool.ng/classroom/government/57518?exam_type=waec&exam_year=2019&type=obj&page=8
2019,9,41,objective,,,,The removal of government direct control and monopoly in manufacturing and service sectors is called __________,privatization,specialization,commercialization,decentralization,A,https://myschool.ng/classroom/government/57520?exam_type=waec&exam_year=2019&type=obj&page=9
2019,9,42,objective,,,,ECOWAS monitoring group (ECOMOG) was established to ________,recruit able-bodied men to defend West Africa,restore peace to war-torn West African countries,change bad government in West Africa,corporation of the ex-servicemen with the governor,B,https://myschool.ng/classroom/government/57595?exam_type=waec&exam_year=2019&type=obj&page=9
2019,9,43,objective,,,,The major concern of the United Nations Organization (UNO) is world ________,trade,peace,health,cooperation,B,https://myschool.ng/classroom/government/57599?exam_type=waec&exam_year=2019&type=obj&page=9
2019,9,44,objective,,,,Nationalist agitation in British West Africa after the World War II led to the ________,disregard for traditional rulers who supported the British,formation of political parties,killing of British administrative officials,cooperation of the ex-servicemen with the governor,B,https://myschool.ng/classroom/government/57610?exam_type=waec&exam_year=2019&type=obj&page=9
2019,9,45,objective,,,,An African- American who contributed greatly to the growth of nationalism in West Africa was _______,Martin Luther King,Jesse Jackson,Nelson Mandela,William Du Bois,D,https://myschool.ng/classroom/government/57646?exam_type=waec&exam_year=2019&type=obj&page=9
2019,10,46,objective,,,,Which of the following is not a component of political culture?,Norms,Age,Beliefs,Attitudes,B,https://myschool.ng/classroom/government/57647?exam_type=waec&exam_year=2019&type=obj&page=10
2019,10,47,objective,,,,The following were checks on the powers of chiefs during the pre-colonial era except the __________,British Officials,Kingsmakers,Council of Elders,Age grades,A,https://myschool.ng/classroom/government/57650?exam_type=waec&exam_year=2019&type=obj&page=10
2019,10,48,constitution,,,,A common feature of pre-independence constitutions of British West African colonies was the _________,existence of separation of power,governor's membership of both the legislative and executive councils,adoption of federalism,establishment of council of elders,B,https://myschool.ng/classroom/government/57654?exam_type=waec&exam_year=2019&type=obj&page=10
2019,10,49,objective,,,,Which of the following features of indirect rule contributed immensely to Nationalism in British West Africa,Establishment of native courts,the appointment of resident district commissioners,establishment of the native courts,exclusion of the educated elites,C,https://myschool.ng/classroom/government/57657?exam_type=waec&exam_year=2019&type=obj&page=10
2019,10,50,objective,,,,The first inter-territorial association organised by some educated African elite in the Gold Coast as the ________,Aborigine's Rights Protection Society (ARFS),National Congress of British West Africa (NCBWA),Movement of Educated Elites in West Africa (MEEWA),West Africa Frontier Forces(WAFF),A,https://myschool.ng/classroom/government/57661?exam_type=waec&exam_year=2019&type=obj&page=10
2020,1,1,objective,,,,"In modern democracy, a government is _________",a contrast between the rulers and the ruled,a preserve of the political party in power,monopoly of the ethnic group,alternation of power between the majority and minority tribes,A,https://myschool.ng/classroom/government/57781?exam_type=waec&exam_year=2020&type=obj&page=1
2020,1,2,objective,,,,The ability to make and enforce laws and administer justice constitute the major functions of a _________,nation,society,government,pressure group,C,https://myschool.ng/classroom/government/57783?exam_type=waec&exam_year=2020&type=obj&page=1
2020,1,3,objective,,,,Executive power in a cabinet system of government is vested in the ________,legislature,judiciary,civil service,council of ministers,D,https://myschool.ng/classroom/government/57786?exam_type=waec&exam_year=2020&type=obj&page=1
2020,1,4,objective,,,,A feature of a confederal state is that _______,it is a single sovereign state,its constitution is flexible,any unit can secede at will,its powers are distributed equally between the centre and units,C,https://myschool.ng/classroom/government/57790?exam_type=waec&exam_year=2020&type=obj&page=1
2020,1,5,objective,,,,One of the limitations to the principles of rule of law is _________,Immunity,equality,liberty,impartiality,A,https://myschool.ng/classroom/government/57791?exam_type=waec&exam_year=2020&type=obj&page=1
2020,2,6,objective,,,,Countries adopt the unitary system of government because it __________,detests dictatorship,promote national integration,concentrates power only at the centre,allows the component units to secede at will,B,https://myschool.ng/classroom/government/57793?exam_type=waec&exam_year=2020&type=obj&page=2
2020,2,7,objective,,,,Which of the following is an advantage of monocephalous executive ___________,sharing of power,quick decision making,impartial dispension of justice,enjoyment of press freedom,B,https://myschool.ng/classroom/government/57798?exam_type=waec&exam_year=2020&type=obj&page=2
2020,2,8,objective,,,,"A major difference between power and authority is that, authority is ________",scarcely exercised,more dependent on coercion,acquired popularly,exercised through force,C,https://myschool.ng/classroom/government/57802?exam_type=waec&exam_year=2020&type=obj&page=2
2020,2,9,objective,,,,Political participation can take the form of __________,belonging to a trade union,being a member of a pressure group,canvassing for votes,organizing festival for good harvest,C,https://myschool.ng/classroom/government/57810?exam_type=waec&exam_year=2020&type=obj&page=2
2020,2,10,objective,,,,Which of the following is a disadvantage of proportional representation?,encourages rigging,promotes strong government,makes for easy decision making in parliament,is difficult and cumbersome to operate,D,https://myschool.ng/classroom/government/57812?exam_type=waec&exam_year=2020&type=obj&page=2
2020,3,11,objective,,,,The sum total of authority in a state unrestrained by law is _______,monarchy,society,oligarchy,sovereign,C,https://myschool.ng/classroom/government/57814?exam_type=waec&exam_year=2020&type=obj&page=3
2020,3,12,constitution,,,,The flexibility and rigidity of the constitution refer to the __________,sources of constitution,making of constitution,ease of amending constitution,coding of constitution,C,https://myschool.ng/classroom/government/57819?exam_type=waec&exam_year=2020&type=obj&page=3
2020,3,13,objective,,,,The observance of Rule of Law in a state requires _________,an independent judiciary,an ineffective police system,a flexible constitution,existence of a two-party system,A,https://myschool.ng/classroom/government/57821?exam_type=waec&exam_year=2020&type=obj&page=3
2020,3,14,objective,,,,The principle of separating the judiciary from the other organs of government and making it free from executive and legislative influence is termed __________,judiciary,judicial review,separation of powers,fusions of powers,C,https://myschool.ng/classroom/government/57827?exam_type=waec&exam_year=2020&type=obj&page=3
2020,3,15,objective,,,,The right to respect the personality of the individual is a _________,civil right,natural right,social right,economic right,B,https://myschool.ng/classroom/government/57830?exam_type=waec&exam_year=2020&type=obj&page=3
2020,4,16,constitution,,,,Which of the following constitutional provisions gives a high degree of autonomy to component parts of a unitary state?,Devolution,Delegation,Divestiture,Declaration,A,https://myschool.ng/classroom/government/57833?exam_type=waec&exam_year=2020&type=obj&page=4
2020,4,17,objective,,,,The following are redresses available at the courts for aggrieved people except _________,injunction,mandamus,certiorari,prorogation,D,https://myschool.ng/classroom/government/57837?exam_type=waec&exam_year=2020&type=obj&page=4
2020,4,18,objective,,,,Which of the following usually leads to the curtailment of the rights of citizens?,transitional period,granting of presidential pardon,period of constitutional pardon,violent socio-political unrest,D,https://myschool.ng/classroom/government/57921?exam_type=waec&exam_year=2020&type=obj&page=4
2020,4,19,objective,,,,The national secretariat of a political party is managed by the ________,presidential candidate,funding members,national chairman and general secretary,national executive and youth organizer,C,https://myschool.ng/classroom/government/57926?exam_type=waec&exam_year=2020&type=obj&page=4
2020,4,20,objective,,,,The type of election which allows party members to elect candidates for elective offices is _________,general election,bye election,direct election,primary election,D,https://myschool.ng/classroom/government/57928?exam_type=waec&exam_year=2020&type=obj&page=4
2020,5,21,objective,,,,An opposition party which sees itself as ''government -in-waiting'' is called ______,shadow government,caretaker government,national government,responsible government,A,https://myschool.ng/classroom/government/57933?exam_type=waec&exam_year=2020&type=obj&page=5
2020,5,22,objective,,,,The document which sets out the programme of a political party and guides the electorate to vote for it is the ________,constitution,electoral register,manifesto,white paper,C,https://myschool.ng/classroom/government/57936?exam_type=waec&exam_year=2020&type=obj&page=5
2020,5,23,objective,,,,An advantage of a two-party system is that it __________,simplifies the electoral process,ensures winner takes all,protects the electoral commission,protects the electorate from votr buying,A,https://myschool.ng/classroom/government/57941?exam_type=waec&exam_year=2020&type=obj&page=5
2020,5,24,objective,,,,Which of the following is a non-partisan organisation with the aim of influencing government policies?,Political party,Pressure group,Humanitarian,Relief organization,B,https://myschool.ng/classroom/government/57945?exam_type=waec&exam_year=2020&type=obj&page=5
2020,5,25,objective,,,,The collective views held by majority of citizens of a country about a particular policy is _________,national interest,public opinion,commentary,bullentin,B,https://myschool.ng/classroom/government/57951?exam_type=waec&exam_year=2020&type=obj&page=5
2020,6,26,objective,,,,An institution under the executive arm of government responsible for formulating and implementing government policies is the ________,public service,public corporation,civil service,judicial service,C,https://myschool.ng/classroom/government/57957?exam_type=waec&exam_year=2020&type=obj&page=6
2020,6,27,objective,,,,The following are means of controlling public corporation except _________,legislative control,judicial control,ministerial control,chief of staff control,D,https://myschool.ng/classroom/government/57963?exam_type=waec&exam_year=2020&type=obj&page=6
2020,6,28,constitution,,,,The institution established by the constitution to be responsible for recruiting personnel into the civil service is the ___________,personnel management office,office of the president,National labour commission,Public service commission,D,https://myschool.ng/classroom/government/57967?exam_type=waec&exam_year=2020&type=obj&page=6
2020,6,29,objective,,,,"If a winner emerges in an election as a result of his/her votes being more than the combined votes of the opposing contestants, what types of electoral system is being practised?",Absolute majority,plurality,second ballot,alternative vote,A,https://myschool.ng/classroom/government/57988?exam_type=waec&exam_year=2020&type=obj&page=6
2020,6,30,objective,,,,Which of the following is a function of an electoral commission?,adjudicating election petitions,provision of electoral registers,disciplining personnel in the civil service,promotion of public servants,B,https://myschool.ng/classroom/government/58002?exam_type=waec&exam_year=2020&type=obj&page=6
2020,7,31,objective,,,,Which of the following is not an electoral malpractice?,impersonation,threatening,campaigning for a candidate,gerrymandering,C,https://myschool.ng/classroom/government/58003?exam_type=waec&exam_year=2020&type=obj&page=7
2020,7,32,objective,,,,Local government sources of revenue can best be improved through?,schools,the collection of import duties,the provision of housing units,cottage industries,D,https://myschool.ng/classroom/government/58004?exam_type=waec&exam_year=2020&type=obj&page=7
2020,7,33,objective,,,,"Public opinion is important in that, it ________",helps political parties to assess their policies,creates delays in the execution of policies,may be unreliable and misleading,can be manipulated by political opponents,A,https://myschool.ng/classroom/government/58005?exam_type=waec&exam_year=2020&type=obj&page=7
2020,7,34,objective,,,,One of the features of pressure groups is that all members ________,are rich,think in the same way,have similar interests,oppose the government,C,https://myschool.ng/classroom/government/58006?exam_type=waec&exam_year=2020&type=obj&page=7
2020,7,35,objective,,,,"Which of the following modes of operation of pressure group undermines the economic, social and political stability of the state ________",Lobbying,symposia,strikes,debates,C,https://myschool.ng/classroom/government/58007?exam_type=waec&exam_year=2020&type=obj&page=7
2020,8,36,objective,,,,The police perform all the following functions except ________,Public execution of law breakers,prosecuting law breakers,protection of life and property,enforcement of law and order,A,https://myschool.ng/classroom/government/58008?exam_type=waec&exam_year=2020&type=obj&page=8
2020,8,37,objective,,,,Which of the following is a reason for the failure of the assimilation policy in French West Africa?,The change in name of their culture,The refusal of the African to be culturally colonized,The paternal policy of the French,Bribery of the opinion leaders by the French,B,https://myschool.ng/classroom/government/58009?exam_type=waec&exam_year=2020&type=obj&page=8
2020,8,38,objective,,,,The capital of the French Federation of West Africa states was located in?,"Bamako, Mali","Dakar, Senegal",Conakry. Guinea,"Niamey,Niger",B,https://myschool.ng/classroom/government/58010?exam_type=waec&exam_year=2020&type=obj&page=8
2020,8,39,objective,,,,"Under the crown colony system of administration, major policies were implemented in the colonies by the ________",Chiefs and their elders,Secretary of states for the colonies,Chiefs and the British,Colonial governor,D,https://myschool.ng/classroom/government/58011?exam_type=waec&exam_year=2020&type=obj&page=8
2020,8,40,objective,,,,One way of improving productivity in the public service is through?,promotion without examination,higher salaries and allowances,increase in working hours,open door policy,B,https://myschool.ng/classroom/government/58012?exam_type=waec&exam_year=2020&type=obj&page=8
2020,9,41,objective,,,,"Which of the following made the colonial Government a "" Virtual Dictator""?",Legislative council,Executive council,appointment of departmental heads,Reserved veto powers,D,https://myschool.ng/classroom/government/58013?exam_type=waec&exam_year=2020&type=obj&page=9
2020,9,42,objective,,,,Which of the following is a feature of the French policy of Association?,Elevation of the position of the chiefs,French citizenship to subjects,scholarships to needy students,language barrier and race,B,https://myschool.ng/classroom/government/58014?exam_type=waec&exam_year=2020&type=obj&page=9
2020,9,43,objective,,,,The African Union is most often unable to resolve conflicts because of _________,financial weekness,absence of African High Command,Differences in Culture,Language barrier and race,D,https://myschool.ng/classroom/government/58015?exam_type=waec&exam_year=2020&type=obj&page=9
2020,9,44,objective,,,,The formation of the African Union is aimed at achieving a wider goal of ________,cultural integration,continental government,national solidarity,African identity,D,https://myschool.ng/classroom/government/58016?exam_type=waec&exam_year=2020&type=obj&page=9
2020,9,45,objective,,,,"A major advantage of a country's foreign policy is that, it __________",encourages infringement on the territories of other states,promotes the country's national interest,stimulates political activities in the state,promotes understanding between the leaders and the led,B,https://myschool.ng/classroom/government/58017?exam_type=waec&exam_year=2020&type=obj&page=9
2020,10,46,objective,,,,The West African Students Union (WASU) was formed by _______,Siaka Stevens,K. A. Gbedemah,E.F Small,Oladipo Solake,D,https://myschool.ng/classroom/government/58018?exam_type=waec&exam_year=2020&type=obj&page=10
2020,10,47,objective,,,,A military coup d'etat is followed by _________,enforcement of fundamental human rights,suspension of the constitution,breaking of diplomatic relations with foreign countries,mass importation of firearms,B,https://myschool.ng/classroom/government/58019?exam_type=waec&exam_year=2020&type=obj&page=10
2020,10,48,objective,,,,Which of the following countries is a unitary state?,Nigeria,Egypt,Ghana,Canada,,https://myschool.ng/classroom/government/58020?exam_type=waec&exam_year=2020&type=obj&page=10
2020,10,49,objective,,,,Which of the following does not influence a country's foreign policy?,Desire for foreign investments,"International law, Conventions and Treaties",Religion and racial factors,Age of the leader,D,https://myschool.ng/classroom/government/58021?exam_type=waec&exam_year=2020&type=obj&page=10
2020,10,50,objective,,,,The National Congress of British West Africa (NCBWA) was founded in _______,Sierra Leone,Liberia,Ghana,Nigeria,C,https://myschool.ng/classroom/government/58023?exam_type=waec&exam_year=2020&type=obj&page=10
2021,1,1,objective,,,,An undesirable attribute of capitalism is mostly seen in,freedom of choice,exploitation of labour,efficient production of goods and services,effective utilization of labour,B,https://myschool.ng/classroom/government/60781?exam_type=waec&exam_year=2021&type=obj&page=1
2021,1,2,constitution,,,,A constitution that requires an absolute majority of members of parliament to amend is a,confederal constitution,federal constitution,flexible constitution,rigid constitution,D,https://myschool.ng/classroom/government/60782?exam_type=waec&exam_year=2021&type=obj&page=1
2021,1,3,objective,,,,What is the term given to the action of discontinuing a session of a parliament or other legislative assembly without dissolving,Adjournment,Postponement,Prorogation,Recess,C,https://myschool.ng/classroom/government/60783?exam_type=waec&exam_year=2021&type=obj&page=1
2021,1,4,objective,,,,"In a monocephalous executive system of government, all executive powers are vested in the",Chief Justice,President,Prime Minister,Speaker,B,https://myschool.ng/classroom/government/60786?exam_type=waec&exam_year=2021&type=obj&page=1
2021,1,5,objective,,,,The action programme of a political party intended to be carried out when political power is won is known as,code of conduct,party constitution,party survey,manifesto,D,https://myschool.ng/classroom/government/60789?exam_type=waec&exam_year=2021&type=obj&page=1
2021,2,6,objective,,,,What does the mass media rely on to gauge public opinion?,Influential citizens,propaganda and interviews,polls and survey,Rumors and gossip,C,https://myschool.ng/classroom/government/60791?exam_type=waec&exam_year=2021&type=obj&page=2
2021,2,7,objective,,,,Which of the following options is the role of a newspaper in a state?,Determines government appointment,Disseminates information,Ensures fairness in newspaper circulation,Ensures fair distribution of relief items,B,https://myschool.ng/classroom/government/60793?exam_type=waec&exam_year=2021&type=obj&page=2
2021,2,8,objective,,,,The Civil Services helps the government to,recruit personnel for the army,develop and implement policies effectively,maintain instability in the state,stay in power for a long time.,B,https://myschool.ng/classroom/government/60797?exam_type=waec&exam_year=2021&type=obj&page=2
2021,2,9,objective,,,,A citizen is barred from active politics when employed as a,university lecturer,priest,civil servant,journalist,C,https://myschool.ng/classroom/government/60801?exam_type=waec&exam_year=2021&type=obj&page=2
2021,2,10,objective,,,,Citizens' political participation is best practised under a,militant pressure group,neighborhood vigilante group,cooperative society,political party,D,https://myschool.ng/classroom/government/60804?exam_type=waec&exam_year=2021&type=obj&page=2
2021,3,11,objective,,,,The most important function of government is to ensure the,building of offices and houses,judiciary is well resourced,second arm of government is respected,security of the citizens,D,https://myschool.ng/classroom/government/60806?exam_type=waec&exam_year=2021&type=obj&page=3
2021,3,12,objective,,,,The right to an adequate standard of living falls under,civil rights,economic right,free market economy,right to life,B,https://myschool.ng/classroom/government/60810?exam_type=waec&exam_year=2021&type=obj&page=3
2021,3,13,objective,,,,People's political values are continuously shaped by the following agents except,education,family,media,ombudsman,D,https://myschool.ng/classroom/government/60814?exam_type=waec&exam_year=2021&type=obj&page=3
2021,3,14,objective,,,,In which political system were there two levels of government with considerable devolution?,Capitalism,Federalism,Fascism,Unitarism,B,https://myschool.ng/classroom/government/60817?exam_type=waec&exam_year=2021&type=obj&page=3
2021,3,15,objective,,,,A system of government in which people elect their lawmakers and make them accountable for their actions and inactions in government is,a representative government,first-past-the-post government,an oligarchy government,checks and balances system of government,A,https://myschool.ng/classroom/government/60821?exam_type=waec&exam_year=2021&type=obj&page=3
2021,4,16,objective,,,,Which territories in British West Africa did the colonial government exercise limited jurisdiction?,Conquered states,Mandated territories,protectorates,Trust territories,C,https://myschool.ng/classroom/government/60824?exam_type=waec&exam_year=2021&type=obj&page=4
2021,4,17,objective,,,,One of the following French West African colonies was the first to gain independence,Benin,Burkina Faso,Guinea,Togo,C,https://myschool.ng/classroom/government/60829?exam_type=waec&exam_year=2021&type=obj&page=4
2021,4,18,objective,,,,"The struggle by the chiefs and people of West Africa against political, social and economic dominance by European powers was referred to as",imperialism,nationalism,neo-colonialism,liberation,B,https://myschool.ng/classroom/government/60834?exam_type=waec&exam_year=2021&type=obj&page=4
2021,4,19,objective,,,,The European imperialist penetration into West Africa was primarily motivated by the following considerations except,compassion,economic,social,military,A,https://myschool.ng/classroom/government/60839?exam_type=waec&exam_year=2021&type=obj&page=4
2021,4,20,objective,,,,Which policy made the colonised French West African partners with France in her colonial project?,Assimilation policy,Association policy,Indirect rule policy,Loi Cadre,B,https://myschool.ng/classroom/government/60848?exam_type=waec&exam_year=2021&type=obj&page=4
2021,5,21,objective,,,,The British colonial governor in West Africa wielded sweeping powers by virtues of,the land tenure system,drafting laws,tax collection,veto power,D,https://myschool.ng/classroom/government/60849?exam_type=waec&exam_year=2021&type=obj&page=5
2021,5,22,objective,,,,The action plan by African countries under the New Partnership for Africa's Development (NEPAD) aimed at tackling the following issues except,economic,political,religious,social,C,https://myschool.ng/classroom/government/60851?exam_type=waec&exam_year=2021&type=obj&page=5
2021,5,23,objective,,,,What motivated the adoption of the Indirect Rule system by the British in her West African colonies?,Effective and efficient tax system was in place,Chiefs did not have the power to make laws,Educated elites were in bed with the British government,The land was fertile for cash crop farming,A,https://myschool.ng/classroom/government/60852?exam_type=waec&exam_year=2021&type=obj&page=5
2021,5,24,objective,,,,The Economic Community for West African States (ECOWAS) was established primarily to,create a common currency for member countries,prevent neo-colonialism,sideline French West African countries in economic activities,Promote economic growth and development among member states.,D,https://myschool.ng/classroom/government/60974?exam_type=waec&exam_year=2021&type=obj&page=5
2021,5,25,objective,,,,The media can best contribute to the democratic process of a country by,lobbying ministers to be in their good books,setting the agenda for good government,inciting strikes and demonstrations,recounting the achievements of the government in power,B,https://myschool.ng/classroom/government/60977?exam_type=waec&exam_year=2021&type=obj&page=5
2021,6,26,objective,,,,Public Corporations can deliver on their mandate if,incidence of corporation and mismanagement were dealt with,loans were secured to pay staff well,politicians were members of the board,religious institutions pray for their success,A,https://myschool.ng/classroom/government/60978?exam_type=waec&exam_year=2021&type=obj&page=6
2021,6,27,objective,,,,Citizenship of a state is based on the following requirements except,birth,marriage,education,naturalization,C,https://myschool.ng/classroom/government/60980?exam_type=waec&exam_year=2021&type=obj&page=6
2021,6,28,objective,,,,One-party system encourages and often ends up in,democracy,dictatorship,fair electoral contest,freedom of expression,B,https://myschool.ng/classroom/government/60981?exam_type=waec&exam_year=2021&type=obj&page=6
2021,6,29,objective,,,,Which of the following tools is not used by pressure groups to achieve with their aim?,Boycotts,Demonstrations,Elections,Strikes,C,https://myschool.ng/classroom/government/60982?exam_type=waec&exam_year=2021&type=obj&page=6
2021,6,30,objective,,,,Frequent military coup d'etats which topple elected governments negatively affect and stall,education,culture and religion,health,democratic gains,D,https://myschool.ng/classroom/government/60984?exam_type=waec&exam_year=2021&type=obj&page=6
2021,7,31,objective,,,,How beneficial is delegated legislation to the democratic process? It,aids lawmakers to become experts in legislation,cannot be applied during period of crises,helps to discipline personnel in the civil service,permits handling of certain aspect of legislation by non-technocrats,D,https://myschool.ng/classroom/government/60987?exam_type=waec&exam_year=2021&type=obj&page=7
2021,7,32,objective,,,,Local government performs a number of functions on behalf of the central government in the form of,employing police officers,ensuring people attend religious institutions of prayers,mobilizing of resources of development,punishing opposition or dissent,C,https://myschool.ng/classroom/government/60989?exam_type=waec&exam_year=2021&type=obj&page=7
2021,7,33,objective,,,,"In an environment of press freedom, the media plays the role of",articulating views of individuals,inciting people to be lawless,projecting individuals above the state,highlighting only the activities of government,A,https://myschool.ng/classroom/government/60993?exam_type=waec&exam_year=2021&type=obj&page=7
2021,7,34,objective,,,,"Chiefs under the Indirect Rule system were used to carry out unpopular tasks, one of which was",enforcement of Western education,establishment of churches,military conscription,presiding over native courts,D,https://myschool.ng/classroom/government/60995?exam_type=waec&exam_year=2021&type=obj&page=7
2021,7,35,objective,,,,In restoring peace and security to Liberia and Sierra Leone the Economic Community of West African States (ECOWAS) deployed a military force known as,Regional Armed Forces (RAF),Peace Keeping Force of West Africa (PKFWA),ECOWAS Ceasefire Monitoring Group (ECOMOG),ECOWAS heads of State and Government,C,https://myschool.ng/classroom/government/61002?exam_type=waec&exam_year=2021&type=obj&page=7
2021,8,36,objective,,,,The desire for foreign investments and overseas markets had become the driving force behind many West African countries,educational policy,foreign policy,campaign tool,dream ideology,B,https://myschool.ng/classroom/government/61004?exam_type=waec&exam_year=2021&type=obj&page=8
2021,8,37,objective,,,,Citizenship does not only go with rights but also the performance of,compulsory military service,compulsory teaching,certain obligations and duties,certain religious rites,C,https://myschool.ng/classroom/government/61178?exam_type=waec&exam_year=2021&type=obj&page=8
2021,8,38,objective,,,,"Taking over power, military governments disregard democratic protocols and rule mainly by",decrees,popular acclamation,jury,court martial,A,https://myschool.ng/classroom/government/61179?exam_type=waec&exam_year=2021&type=obj&page=8
2021,8,39,objective,,,,Which electoral system best suits a heterogeneous political environment?,Non-transferable votes,Preferential ballot,Proportional representation,Run-off election,C,https://myschool.ng/classroom/government/61180?exam_type=waec&exam_year=2021&type=obj&page=8
2021,8,40,objective,,,,Judicial review in a democratic environment is an aspect of,checks and balances,a check on the legislature,a check on the executive and the media,ensuring the police assist the judiciary in its work,A,https://myschool.ng/classroom/government/61181?exam_type=waec&exam_year=2021&type=obj&page=8
2021,9,41,objective,,,,"One advantage of a multi-party system is that, the",electorate have wide range of choice,educated elite represents their people in parliament,executive is not restrained by law,party in power creates employment for all sympathizers,A,https://myschool.ng/classroom/government/61183?exam_type=waec&exam_year=2021&type=obj&page=9
2021,9,42,objective,,,,The following factors motivated the formation and growth of political parties in British West African territories except,external socio-political factors,improvement in communication network,membership of legislative council,the role of newspapers,B,https://myschool.ng/classroom/government/61184?exam_type=waec&exam_year=2021&type=obj&page=9
2021,9,43,objective,,,,Undue political interference in the work of electoral management bodies in West Africa has the potential to,ensure fairness and transparency in their operations,employ qualified returning officers,erode the independence of the institution,make all parties accept election result.,C,https://myschool.ng/classroom/government/61185?exam_type=waec&exam_year=2021&type=obj&page=9
2021,9,44,theory,,,,A person who is denied the right to vote is described as,uncivilized,disenfranchised,civil servant,non-partisan,B,https://myschool.ng/classroom/government/61186?exam_type=waec&exam_year=2021&type=obj&page=9
2021,9,45,objective,,,,Public corporation is a semi-independent statutory body established by,an act of parliament,a civil service commission,a private sector initiative,free zones board,A,https://myschool.ng/classroom/government/61189?exam_type=waec&exam_year=2021&type=obj&page=9
2021,10,46,objective,,,,One of the objectives of the United Nations Organization (UNO) is to,establish a standing army,give loans to poor countries in the world,promote and encourage respect for human rights and freedoms,ensure African leaders are respected,C,https://myschool.ng/classroom/government/61190?exam_type=waec&exam_year=2021&type=obj&page=10
2021,10,47,objective,,,,The West African Youth League (WAYL) was a nationalist movement founded by,Bankole-Bright,ITA Wallace-Johnson,J.E. Casely Hayford,Samuel Akisanya,B,https://myschool.ng/classroom/government/61191?exam_type=waec&exam_year=2021&type=obj&page=10
2021,10,48,objective,,,,Commonwealth member states derive the following benefits from the association except,assistance to war-torn countries,promotion of education,political instability,promotion of sports,C,https://myschool.ng/classroom/government/61193?exam_type=waec&exam_year=2021&type=obj&page=10
2021,10,49,objective,,,,"The Economic Community of West African States (ECOWAS) is saddled with many problems, one of which is",colonial heritage,facilitation of movement of people,inter-state trading,sports and cultural exchange,A,https://myschool.ng/classroom/government/61194?exam_type=waec&exam_year=2021&type=obj&page=10
2021,10,50,objective,,,,In which system of government are all the component units sovereign?,Confederal,Federal,monarchical,Republican,A,https://myschool.ng/classroom/government/61195?exam_type=waec&exam_year=2021&type=obj&page=10
2022,1,1,objective,,,,Which political system allows only one ideology for the state?,socialism,aristocracy,communalism,capitalism,A,https://myschool.ng/classroom/government/62806?exam_type=waec&exam_year=2022&type=obj&page=1
2022,1,2,objective,,,,"In a representative government, citizens exercise their political power",directly,indirectly,in reverence for the political system,under undue political pressure,B,https://myschool.ng/classroom/government/62981?exam_type=waec&exam_year=2022&type=obj&page=1
2022,1,3,objective,,,,The essence of the concept of devolution is to cater for the interests of the,ruling governement,majority,minority,rule of law,B,https://myschool.ng/classroom/government/62983?exam_type=waec&exam_year=2022&type=obj&page=1
2022,1,4,constitution,,,,A country's constitution may be derived from which one of the following sources?,Educated elites,Civil society organisations,civil disobedience,Customs and conventions,D,https://myschool.ng/classroom/government/62986?exam_type=waec&exam_year=2022&type=obj&page=1
2022,1,5,objective,,,,One major problem associated with the cabinet system of government is the,abuse of power,frequent change of government,large number of ministers,supremacy of the executive,A,https://myschool.ng/classroom/government/62990?exam_type=waec&exam_year=2022&type=obj&page=1
2022,2,6,objective,,,,Representative governments around the world pay attention to public opinion because of the following factors except,protection of the government from media scrutiny,indication of government in good standing with the people,provision of feedback on implementation of government policies,national security concerns,A,https://myschool.ng/classroom/government/62992?exam_type=waec&exam_year=2022&type=obj&page=2
2022,2,7,objective,,,,The determination and execution of government policies is the core function of,Public Complain Commission,Public Service Commission,Civil Service,Judicial Service,C,https://myschool.ng/classroom/government/62994?exam_type=waec&exam_year=2022&type=obj&page=2
2022,2,8,objective,,,,Public corporation has a legal personality which means that,no legal suit can be brought against,it can sue and can be sued,it has ultimate power to make its own laws,there is a legal department that represents it,B,https://myschool.ng/classroom/government/62996?exam_type=waec&exam_year=2022&type=obj&page=2
2022,2,9,objective,,,,Local Government authorities may not receive cooperation from the local people due to the issue of,top bottom approach to development,accessibility to internet facilities,lack of support for the ruling governemnt,non availability of spiritual centres,C,https://myschool.ng/classroom/government/62999?exam_type=waec&exam_year=2022&type=obj&page=2
2022,2,10,objective,,,,Delegated legislation can be controlled by,report writing,press conferences,parliamentary question time,threat of secession,C,https://myschool.ng/classroom/government/63004?exam_type=waec&exam_year=2022&type=obj&page=2
2022,3,11,objective,,,,A one-party system imposed by law with all other parties proscribed is,a social party system,a de jure one party system,a communist political system,an elitist party system,B,https://myschool.ng/classroom/government/63010?exam_type=waec&exam_year=2022&type=obj&page=3
2022,3,12,objective,,,,Multi-party system is saddled with the problem of,divisiveness,limited choice,weak opposition,political consciousness,A,https://myschool.ng/classroom/government/63012?exam_type=waec&exam_year=2022&type=obj&page=3
2022,3,13,objective,,,,"One of the importance of voting in a democracy is that, it",is less expensive,ensures development for all voters,commits citizens to the political system,ensures winner takes all policy.,C,https://myschool.ng/classroom/government/63022?exam_type=waec&exam_year=2022&type=obj&page=3
2022,3,14,objective,,,,An electoral system in which the electorate elects a small group of people who in turn elects political office holders is known as,general election,second ballot system,Electoral college,local election,C,https://myschool.ng/classroom/government/63024?exam_type=waec&exam_year=2022&type=obj&page=3
2022,3,15,objective,,,,Most pressure groups especially in West Africa fail to achieve their goals as a result of,good governance,charisma of the president,transparency of the legislature,corrupt leadership,D,https://myschool.ng/classroom/government/63025?exam_type=waec&exam_year=2022&type=obj&page=3
2022,4,16,theory,,,,A pressure group which resorts to violence as a means of pressing home its demands is described as,anomic,associational,labour,attitudinal,A,https://myschool.ng/classroom/government/63026?exam_type=waec&exam_year=2022&type=obj&page=4
2022,4,17,objective,,,,"Press control is necessary for a state, particularly in the area of",the economy,auditor general's report,state security and secrets,foreign trade,C,https://myschool.ng/classroom/government/63028?exam_type=waec&exam_year=2022&type=obj&page=4
2022,4,18,objective,,,,The media helps to enrich discourse on national issues through its,marketing,editorial comments,sales and advertisement,correspondents,B,https://myschool.ng/classroom/government/63029?exam_type=waec&exam_year=2022&type=obj&page=4
2022,4,19,objective,,,,Information dissemination and communication in a political environment had been made faster and easier with the advent of,educated practitioners,press censorship,government spokemen,social media,D,https://myschool.ng/classroom/government/63033?exam_type=waec&exam_year=2022&type=obj&page=4
2022,4,20,objective,,,,The passing of laws by an arm of government to regulate society is the function of the,judiciary,executive,legislature,police,C,https://myschool.ng/classroom/government/63034?exam_type=waec&exam_year=2022&type=obj&page=4
2022,5,21,objective,,,,Militant nationalism in British West Africa after World War II sought to,kill British nationals,overthrow colonialism,stop the export of raw materials,stop the denigration of the African culture.,B,https://myschool.ng/classroom/government/63035?exam_type=waec&exam_year=2022&type=obj&page=5
2022,5,22,objective,,,,Proto-nationalism was a movement limited to the demands for,immediate end to colonialism,reforms of the political class and respect for African religion,western education,social amenities and political participation,B,https://myschool.ng/classroom/government/63036?exam_type=waec&exam_year=2022&type=obj&page=5
2022,5,23,objective,,,,The youth movement across British West African territories served as a spring board for the formation of,militant groups to fight and kill British officials,political parties to champion the course of self-rule,committees to represent the people,associations in pursuit of justice for the people,B,https://myschool.ng/classroom/government/63038?exam_type=waec&exam_year=2022&type=obj&page=5
2022,5,24,objective,,,,A country's foreign policy is foremost driven by,economy,location,natural resources,national interest,D,https://myschool.ng/classroom/government/63039?exam_type=waec&exam_year=2022&type=obj&page=5
2022,5,25,objective,,,,The first inter-territorial political movement organized in the 1920s which sought to bring all the British West African territories together to fight the colonial establishment was the,Aborigines Right Protection Society,West African Youth League,National Congress of British West African,WestAfrican Students Union,C,https://myschool.ng/classroom/government/63040?exam_type=waec&exam_year=2022&type=obj&page=5
2022,6,26,objective,,,,The African Union is unable to play its role on the global political scene very well due to the,inadequate system of education,low level of wages in the member countries,Outbreak of pandemic on the African continent,divided loyalty among member states.,D,https://myschool.ng/classroom/government/63043?exam_type=waec&exam_year=2022&type=obj&page=6
2022,6,27,objective,,,,Which of the following options does the Commonwealth of Nations commit resources to?,Use of a common currency,Superiority of the British Crown,British Leadership on all matters of diplomacy,Promotion of representative democracy,D,https://myschool.ng/classroom/government/63045?exam_type=waec&exam_year=2022&type=obj&page=6
2022,6,28,objective,,,,Which summit drew the road map for the implementation of the African Union?,Sirte Summit,Lusaka Summit,Lome Summit,Lagos summit,B,https://myschool.ng/classroom/government/63046?exam_type=waec&exam_year=2022&type=obj&page=6
2022,6,29,objective,,,,One of the benefits which the West African state derives from the United Nations is,equal opportunities of appointments to its highest office,permanent membership of the Security Council,greater access to all the organs of the United Nations,total eradication of poverty from the African continent,A,https://myschool.ng/classroom/government/63047?exam_type=waec&exam_year=2022&type=obj&page=6
2022,6,30,objective,,,,The Atlantic Charter gave birth to the,Commonwealth of Nations,Allied powers,United Nations,North Atlantic Treaty Organisation,C,https://myschool.ng/classroom/government/63049?exam_type=waec&exam_year=2022&type=obj&page=6
2022,7,31,objective,,,,Which of the following factors does not influence a country's foreign policy?,Human resources,Geographical location,System of education and number of universities,International laws and conventions,C,https://myschool.ng/classroom/government/63050?exam_type=waec&exam_year=2022&type=obj&page=7
2022,7,32,objective,,,,In which political system does the government control every aspect of a citizen's life?,communism,Dictatorship,Totalitarianism,Aristocracy,C,https://myschool.ng/classroom/government/63051?exam_type=waec&exam_year=2022&type=obj&page=7
2022,7,33,objective,,,,The administrative head of the ministry is the,official of the ruling government,general manager,permanent secretary,chief coordinating officer,C,https://myschool.ng/classroom/government/63052?exam_type=waec&exam_year=2022&type=obj&page=7
2022,7,34,objective,,,,The sovereignty of a state can be limited to a great extent by,Rule of law,separation of powers,International Laws and conventions,Legislative Assembly,C,https://myschool.ng/classroom/government/63061?exam_type=waec&exam_year=2022&type=obj&page=7
2022,7,35,objective,,,,A coalition government is a common feature of a,two party systems,multi-party system,one party system,non-party system,B,https://myschool.ng/classroom/government/63063?exam_type=waec&exam_year=2022&type=obj&page=7
2022,8,36,objective,,,,The appointment of judges is based on the recommendation of the,Civil Service Commission,Public Service Commission,Eminent persons in society,Judicial Service Commission,D,https://myschool.ng/classroom/government/63064?exam_type=waec&exam_year=2022&type=obj&page=8
2022,8,37,objective,,,,Which of the following options is not a function of political parties?,Policy implementation,Political socialisation,Political education,Aggregation of interest,A,https://myschool.ng/classroom/government/63065?exam_type=waec&exam_year=2022&type=obj&page=8
2022,8,38,theory,,,,"In an election, a secret ballot is described as the process where the voter",is screened off to conceal the vote,cast the vote in a sealed box,is searched before casting the vote,,B,https://myschool.ng/classroom/government/63067?exam_type=waec&exam_year=2022&type=obj&page=8
2022,8,39,objective,,,,In which system of government does the legislature pass a vote of no confidence in the government?,Federal,Cabinet,De jure,Monarchical,B,https://myschool.ng/classroom/government/63068?exam_type=waec&exam_year=2022&type=obj&page=8
2022,8,40,objective,,,,The concept of social justice implies that the state must ensure,sharing of political power with opponents,security for multi- national businesses,equality of citizens,fairmess to foreign nationals,C,https://myschool.ng/classroom/government/63070?exam_type=waec&exam_year=2022&type=obj&page=8
2022,9,41,objective,,,,The basic human right of citizens in a state are,"freedom of movement, free education and free health","free social services, speech and religion","right to life, liberty and property","Right to higher education, property and freedom of thought",C,https://myschool.ng/classroom/government/63079?exam_type=waec&exam_year=2022&type=obj&page=9
2022,9,42,objective,,,,A quasi-federal structure is so arranged in order for the,citizens to have dual allegiance and dual citizenship,component units to breakaway at will,,president to amend the constitution at will,A,https://myschool.ng/classroom/government/63083?exam_type=waec&exam_year=2022&type=obj&page=9
2022,9,43,objective,,,,"When a superior court declares an action of the executive ultra-vires, it means that",the executive should leave power,a vote of no confidence had been passed on the government,the judiciary is more powerful than the executive,the action is illegal and of no effect,D,https://myschool.ng/classroom/government/63090?exam_type=waec&exam_year=2022&type=obj&page=9
2022,9,44,objective,,,,Which of the following options does not constitute the main objectives of the United Nations?,The maintenance of international peace and security,The promotion of the well-being of the peoples of the world,International cooperation,The use of force to comply with its provisions,D,https://myschool.ng/classroom/government/63115?exam_type=waec&exam_year=2022&type=obj&page=9
2022,9,45,objective,,,,The Economic Community of West African States was established with the following aims except to,use force to depose unconstitutional regimes,improve the living standard of its people,contribute to the progress and development of the African continent,foster relations among membe states,A,https://myschool.ng/classroom/government/63116?exam_type=waec&exam_year=2022&type=obj&page=9
2022,10,46,objective,,,,"The process of international integration arising from the inter-change of world views, products, ideas and other aspects of culture is known as",national interest,globalisation,geopolitics,interest aggregation,B,https://myschool.ng/classroom/government/63118?exam_type=waec&exam_year=2022&type=obj&page=10
2022,10,47,objective,,,,One negative effect of colonialism on the people of West Africa over the years is the,introduction of modern idea of governance,creation of large political units,change of the socio-political systems of living,development of political institutions,B,https://myschool.ng/classroom/government/63119?exam_type=waec&exam_year=2022&type=obj&page=10
2022,10,48,objective,,,,The Council of Elders in the pre-colonial political institutions of West Africa best served on the Council as,warriors of the state,go-between the gods and the people,custodians of the wealth of the state,representative of the commoners,D,https://myschool.ng/classroom/government/63120?exam_type=waec&exam_year=2022&type=obj&page=10
2022,10,49,objective,,,,Public corporations are struggling in the West African States as a result of,heavy social and political cost,private-public partnership,public scrutiny and accountability,direct foreign investment,C,https://myschool.ng/classroom/government/63122?exam_type=waec&exam_year=2022&type=obj&page=10
2022,10,50,objective,,,,The following options are today the biggest threat to the democracy of West African States except,election disputes and related violence,military intervention in politics,youth unemployment,non involvement of traditional rulers in politics.,D,https://myschool.ng/classroom/government/63124?exam_type=waec&exam_year=2022&type=obj&page=10
2023,1,1,objective,,,,"Apart from globalization, what other factor to a large extent affects the sovereignty of a state?",Right of a franchise,System of government,International laws,Inalienability,C,https://myschool.ng/classroom/government/68603?exam_type=waec&exam_year=2023&type=obj&page=1
2023,1,2,objective,,,,A public declaration of policy and aims especially one issued before an election by a political party or candidate is **commonly** called,steps to govern,Policy paper,guide to government,manifesto,D,https://myschool.ng/classroom/government/68604?exam_type=waec&exam_year=2023&type=obj&page=1
2023,1,3,objective,,,,"The media, **commonly** referred to as the fourth estate of the realm , monitors the activities of government on behalf of the",people,executive,civil society,media organisation,A,https://myschool.ng/classroom/government/68605?exam_type=waec&exam_year=2023&type=obj&page=1
2023,1,4,objective,,,,Bicameral legislature contributes to the democratic process by,recommending the use of force on policy,suppressing minority rights,imposing programmes and policies on the executive,widening the scope of political participation,D,https://myschool.ng/classroom/government/68606?exam_type=waec&exam_year=2023&type=obj&page=1
2023,1,5,objective,,,,Maintenance of law and order in a state is the function of the,citizens of the state,executive arm of government,legislative arm of government,judicial service,B,https://myschool.ng/classroom/government/68608?exam_type=waec&exam_year=2023&type=obj&page=1
2023,2,6,objective,,,,The official routine observed in carrying out functions in the civil service is **commonly** known as,official order,bureaucracy,standard order,command,B,https://myschool.ng/classroom/government/68609?exam_type=waec&exam_year=2023&type=obj&page=2
2023,2,7,objective,,,,The Economic Community of West African State (ECOWAS) is now confronted with a new security threat which is,extremism,smuggling of illegal goods across states,weak national armies,proportional representation,A,https://myschool.ng/classroom/government/68611?exam_type=waec&exam_year=2023&type=obj&page=2
2023,2,8,objective,,,,"The art of maintaining peaceful relationships between states, groups or individuals **mostly** comes about as a result of the activities and functions of",the legislature,security agencies,diplomats,the media,C,https://myschool.ng/classroom/government/68613?exam_type=waec&exam_year=2023&type=obj&page=2
2023,2,9,objective,,,,The following issues are some of the challenges the United Nations (UN) addresses **except**,oligarchical regimes,humanitarian aids,human rights,climate change,A,https://myschool.ng/classroom/government/68614?exam_type=waec&exam_year=2023&type=obj&page=2
2023,2,10,objective,,,,Which system of government allows for and guarantees maximum competition?,Feudalism,Capitalism,Communism,Social Democracy,B,https://myschool.ng/classroom/government/68616?exam_type=waec&exam_year=2023&type=obj&page=2
2023,3,11,objective,,,,The overriding consideration for the creation of the New Partnership for Africa's Development (NEPAD) was to place Africa on the path to,capitalist government,non-alignment,growth and development,military might,C,https://myschool.ng/classroom/government/68618?exam_type=waec&exam_year=2023&type=obj&page=3
2023,3,12,objective,,,,The French Colonial policies in her West African colonies were different from the British in many ways **except** in,discriminatory laws,citizenship,imperialism,cultural imposition,C,https://myschool.ng/classroom/government/68619?exam_type=waec&exam_year=2023&type=obj&page=3
2023,3,13,objective,,,,"The reason for which the government should take a key interest in the activities of pressure groups is that, they",provide valuable feedback on government policies and programmes,force coalition among political parties for election,blackmail political leaders,dictate the path and direction for government programmes,A,https://myschool.ng/classroom/government/68621?exam_type=waec&exam_year=2023&type=obj&page=3
2023,3,14,constitution,,,,The rigid nature of a constitution makes it,accessible to all,infallible and standard,easy for quick review,complicated for amendment,D,https://myschool.ng/classroom/government/68622?exam_type=waec&exam_year=2023&type=obj&page=3
2023,3,15,constitution,,,,The Fundamental Human Rights and Liberties **must** be entrenched in a constitution to,serve majority interest,show concern for the people,make it difficult to tamper with,espouse love for the country,C,https://myschool.ng/classroom/government/68623?exam_type=waec&exam_year=2023&type=obj&page=3
2023,4,16,objective,,,,Unitary system of government is adopted by some states because,of homogeneity,it guarnatees democracy,it builds the capacity of citizens in good time,of mineral resources,A,https://myschool.ng/classroom/government/68624?exam_type=waec&exam_year=2023&type=obj&page=4
2023,4,17,objective,,,,The public Service Commission performs the following functions **except**,advisory body,imposition of income tax,welfare of personnel,discipline of personnel,B,https://myschool.ng/classroom/government/68626?exam_type=waec&exam_year=2023&type=obj&page=4
2023,4,18,objective,,,,What type of right enables citizens to participate in state affairs?,judicial right,social right,habeas corpus,political right,D,https://myschool.ng/classroom/government/68627?exam_type=waec&exam_year=2023&type=obj&page=4
2023,4,19,objective,,,,What is **commonly** referred to as the association of the government and the governed?,confederation,state,federation,monarchy,B,https://myschool.ng/classroom/government/68628?exam_type=waec&exam_year=2023&type=obj&page=4
2023,4,20,objective,,,,The local government system assists **best** in mentoring and grooming people for,military oprations,leadership positions,citizenship and justice,large-scale farming,B,https://myschool.ng/classroom/government/68630?exam_type=waec&exam_year=2023&type=obj&page=4
2023,5,21,objective,,,,Which of the following systems of government does **not** practice collective responsibility?,Communalism system,Non-centralised system,Executive system,Cabinet system,B,https://myschool.ng/classroom/government/68632?exam_type=waec&exam_year=2023&type=obj&page=5
2023,5,22,objective,,,,One of the formidable challenges the New Partnership for Africa's Development (NEPAD) is confronted with is the,absence of a common platform for debate,over reliance on foreign aid,absence of technology transfer,arms race among member states,B,https://myschool.ng/classroom/government/68633?exam_type=waec&exam_year=2023&type=obj&page=5
2023,5,23,objective,,,,The **biggest** obstacle which also slowed down nationalist activities in French West African Colonies was the,assimilation policy,constitutional reforms and entrenchment of human rights,assassination of chiefs,deportation of Africans to France,A,https://myschool.ng/classroom/government/68635?exam_type=waec&exam_year=2023&type=obj&page=5
2023,5,24,objective,,,,A state that has **two** levels of government is **commonly** referred to as,concurrent states,cooperative government,federal state,coalition government,C,https://myschool.ng/classroom/government/68636?exam_type=waec&exam_year=2023&type=obj&page=5
2023,5,25,objective,,,,One of the **major** criticisms levelled against the United Nations (UN) is its inability to,ensure fair permanent representation,enforce affirmative action and equal wealth,adopt a universal language for its operation,ensure universal access to education,A,https://myschool.ng/classroom/government/68638?exam_type=waec&exam_year=2023&type=obj&page=5
2023,6,26,objective,,,,One of the function of the electoral management body is to,conduct training programmes for presidential candidates,look for external sources besides the government to fund its operations,interpret the electoral laws fairly,engage in business to increase its financial capacity,C,https://myschool.ng/classroom/government/68639?exam_type=waec&exam_year=2023&type=obj&page=6
2023,6,27,objective,,,,The civil service is different from the public service in terms of,educational qualification,political affiliation,conditions of service,personality and stature,C,https://myschool.ng/classroom/government/68640?exam_type=waec&exam_year=2023&type=obj&page=6
2023,6,28,objective,,,,The judiciary occupies an important place in every state because it is,mandated to supervise the functions of the executive,a unique profession of intellectuals,protector of the rights of the people,a body of upright and just people in society,C,https://myschool.ng/classroom/government/68642?exam_type=waec&exam_year=2023&type=obj&page=6
2023,6,29,objective,,,,An executive president is one who wields the powers of a,head of state and government,ceremonial president only,leader of government business only,despot and benevolent dictator,A,https://myschool.ng/classroom/government/68644?exam_type=waec&exam_year=2023&type=obj&page=6
2023,6,30,objective,,,,There are two types of committee system in the House of parliament as part of their operations and one of such is,parliamentary service board,expert committee,Committee of the Whole House,Leadership Committee,C,https://myschool.ng/classroom/government/68646?exam_type=waec&exam_year=2023&type=obj&page=6
2023,7,31,objective,,,,A democratic country is one in which the people have the right to,participate in decision making,disregard laws they abhor,violently overthrow a government,punish government by not honouring tax obligation,A,https://myschool.ng/classroom/government/68647?exam_type=waec&exam_year=2023&type=obj&page=7
2023,7,32,objective,,,,The **best** way to keep the military at bay from interfering in politics is by ensuring,high pay rise every year,their inclusion in government,good governance,effective control of their day to day operations,C,https://myschool.ng/classroom/government/68649?exam_type=waec&exam_year=2023&type=obj&page=7
2023,7,33,objective,,,,The African Union (AU) is saddled with **one** of these challenges and that is,absence of rich natural resources,tensions and political discord among member states,inter-ethnic extinction and poor social cohesion,weak labour force,B,https://myschool.ng/classroom/government/68651?exam_type=waec&exam_year=2023&type=obj&page=7
2023,7,34,objective,,,,The reluctance of military regimes to hand over power to civilian administration is because they,negotiate better loan terms for the country than the civilian government,"have the backing of traditional rulers, their subjects and the clergy",feel a sense of entitlement,perceive civilians and politicians as evil doers and backward,C,https://myschool.ng/classroom/government/68654?exam_type=waec&exam_year=2023&type=obj&page=7
2023,7,35,objective,,,,The exercise of power can arise from any of the following sources **except**,ideological power,legitimate power,expert power,charismatic power,A,https://myschool.ng/classroom/government/68655?exam_type=waec&exam_year=2023&type=obj&page=7
2023,8,36,objective,,,,"A social, political and economic arrangement in which landed property and other natural resources are collectively owned is referred to as",Federalism,Liberalism,Communalism,Feudalism,C,https://myschool.ng/classroom/government/68656?exam_type=waec&exam_year=2023&type=obj&page=8
2023,8,37,objective,,,,Public opinion is formed through the following channels **except**,Cabinet,Elections,Mass media,Political parties,A,https://myschool.ng/classroom/government/68657?exam_type=waec&exam_year=2023&type=obj&page=8
2023,8,38,objective,,,,The function of the Diplomatic Missions include the following **except**,project the culture of the people,woo investors,pay salaries of workers of the mission,gather intelligence information,C,https://myschool.ng/classroom/government/68659?exam_type=waec&exam_year=2023&type=obj&page=8
2023,8,39,objective,,,,One of the factors that influences decentralization of power in a state is,weak central authority,widening political participation,maximum allegiance to the state,maximum loyalty,B,https://myschool.ng/classroom/government/68661?exam_type=waec&exam_year=2023&type=obj&page=8
2023,8,40,objective,,,,One of the high points of the activities of the National Congress of British West Africa (NCBWA) led to the,proposal for African unity,creation of the African High Command,Africanization of the Executive Council,introduction of the elective principles,D,https://myschool.ng/classroom/government/68663?exam_type=waec&exam_year=2023&type=obj&page=8
2023,9,41,objective,,,,The pattern of rule by the French in her West African colonies was **highly**,decentralized,proportional,consultative,centralized,D,https://myschool.ng/classroom/government/68664?exam_type=waec&exam_year=2023&type=obj&page=9
2023,9,42,objective,,,,The Commonwealth of Nations is committed to **one** of the following principles,human rights and democracy,supervise political activities of member states,draft constitution for member states,finance budget of member states,A,https://myschool.ng/classroom/government/68665?exam_type=waec&exam_year=2023&type=obj&page=9
2023,9,43,objective,,,,The cornerstone of a functioning democracy is the,foreign policy and military alliances,appropriation bill,free and fair elections,expenditure pattern of the executive,C,https://myschool.ng/classroom/government/68667?exam_type=waec&exam_year=2023&type=obj&page=9
2023,9,44,objective,,,,The issues that are at the core of a country's foreign policy are referred to as,globalisation,state area,national interest,diplomacy,C,https://myschool.ng/classroom/government/68668?exam_type=waec&exam_year=2023&type=obj&page=9
2023,9,45,objective,,,,The underlying principle of the concept of seperation of powers is **mainly** to,educate people on their rights,tame the executive,prevent arbitrariness,ensure constitutional review,C,https://myschool.ng/classroom/government/68670?exam_type=waec&exam_year=2023&type=obj&page=9
2023,10,46,objective,,,,Secret voting assists the voter in making a decision without,coercion,pondering over issues,national interest,public good,A,https://myschool.ng/classroom/government/68671?exam_type=waec&exam_year=2023&type=obj&page=10
2023,10,47,objective,,,,"Elections plays a **major** role in the democratic process because, it",ensures only good people rule,manipulates the electoral process,confers legitimacy,projects the class system,C,https://myschool.ng/classroom/government/68673?exam_type=waec&exam_year=2023&type=obj&page=10
2023,10,48,objective,,,,Which one among the following is a significant factor that influences the foreign policy of a country?,Gender of the political leader,Educational system,Recruitment policy,political system,D,https://myschool.ng/classroom/government/68674?exam_type=waec&exam_year=2023&type=obj&page=10
2023,10,49,objective,,,,One of the negative effects of colonial rule on West African states was the,building of roads and rail network,social interventions,western education,dependency syndrome,D,https://myschool.ng/classroom/government/68675?exam_type=waec&exam_year=2023&type=obj&page=10
2023,10,50,objective,,,,"One of the low points in the cabinet system of government is that, the",divided loyalty of the cabinet ministers is strong,centre of power in the system is stable,Prime Minister does not regard the Head of State,tenure of government is always not stable,,https://myschool.ng/classroom/government/68679?exam_type=waec&exam_year=2023&type=obj&page=10
2024,1,1,objective,,,,The ultimate source of power and authority which sets the state apart from other forms of political organisations is referred to as,constitutionalism,checks and balances,rule of law,sovereignty,D,https://myschool.ng/classroom/government/71814?exam_type=waec&exam_year=2024&type=obj&page=1
2024,1,2,objective,,,,The institution through which leaders exercise power to make and enforce laws is the,government,judiciary,political party,security agency,A,https://myschool.ng/classroom/government/71815?exam_type=waec&exam_year=2024&type=obj&page=1
2024,1,3,objective,,,,The fundamental principles by which a state is ordered and governed are usually outlined in a,bill,constitution,parliamentary proceedings,state manual,B,https://myschool.ng/classroom/government/71816?exam_type=waec&exam_year=2024&type=obj&page=1
2024,1,4,objective,,,,Which one among the following factors greatly restrains the government in a democratic society?,Consent of the governed,Consent of the civil society organisation,Ideology of the party,Parliamentary debates,A,https://myschool.ng/classroom/government/71817?exam_type=waec&exam_year=2024&type=obj&page=1
2024,1,5,objective,,,,The following factors are challenges faced by the judiciary under the doctrine of Separation of Powers except,appointment of judges,financial autonomy,removal of judges from office,poor legal infrastructure,D,https://myschool.ng/classroom/government/71818?exam_type=waec&exam_year=2024&type=obj&page=1
2024,2,6,constitution,,,,Accountability in constitutional democracy is best enforced through a system of,checks and balances,civil society organisations,subversion of the law,selection of the right leaders,A,https://myschool.ng/classroom/government/71819?exam_type=waec&exam_year=2024&type=obj&page=2
2024,2,7,practical,,,,The application of the common principles that are important to improve decision-making processes and ultimately strengthen democracy and improve social and economic development is best described as,fundamental human rights,good governance,separation of powers,social democracy,B,https://myschool.ng/classroom/government/71820?exam_type=waec&exam_year=2024&type=obj&page=2
2024,2,8,objective,,,,One of the reasons for having two legislative chambers in the governance structure of a country is to ensure the,executive is kept under check and control,powers of the lower chamber is suppressed,strict control of the affairs of the state,thorough scrutiny of legislation,D,https://myschool.ng/classroom/government/71821?exam_type=waec&exam_year=2024&type=obj&page=2
2024,2,9,objective,,,,Which one of the following factors has contributed largely to the weakened and poor performance of state institutions in most West African States?,corruption,globalisation,low remuneration and wages,weak institutional memory,A,https://myschool.ng/classroom/government/71833?exam_type=waec&exam_year=2024&type=obj&page=2
2024,2,10,objective,,,,One of the paramount roles to play as a citizen in sustaining the democratic system of governance is to,avoid criticism of government,play the partisan card,pray for a good leader,register and vote in elections,D,https://myschool.ng/classroom/government/71835?exam_type=waec&exam_year=2024&type=obj&page=2
2024,3,11,objective,,,,The responsibility of citizens towards nation-building is to,encourage civil disobedience in the face of hardship,participate and contribute to decision making,stampede government policies and programmes,boycott and withdraw services to the state,B,https://myschool.ng/classroom/government/71836?exam_type=waec&exam_year=2024&type=obj&page=3
2024,3,12,objective,,,,"By competing in general elections, political parties ultimately offer citizens",a choice in government,automatic membership of a party,opportunity to be extremely to one party,opportunity to vilify the government,A,https://myschool.ng/classroom/government/71837?exam_type=waec&exam_year=2024&type=obj&page=3
2024,3,13,objective,,,,Public opinion is an essential element in a democracy because it can act as a,check on leadership and government activities,mouthpiece for the opposition only,news outlet for the media and government only,propaganda tool for the government at all material times,A,https://myschool.ng/classroom/government/71839?exam_type=waec&exam_year=2024&type=obj&page=3
2024,3,14,objective,,,,The media serve a useful purpose in a democracy by,connecting the government and the people,ensuring government plays to their dictates,assisting in the formation of political parties,manipulating political leaders in government,A,https://myschool.ng/classroom/government/71841?exam_type=waec&exam_year=2024&type=obj&page=3
2024,3,15,objective,,,,One of the pivotal roles played by pressure groups in a functioning democracy is the,implementation of public policy by them,influence on public policy decisions,trumpeting of good deeds of a government always,blackmailing of the government to act in their favour,B,https://myschool.ng/classroom/government/71843?exam_type=waec&exam_year=2024&type=obj&page=3
2024,4,16,objective,,,,Promoting electoral integrity is the crucial function of which institution of state?,the civil society organisations,executive arm of government,electoral management body,security services,C,https://myschool.ng/classroom/government/71844?exam_type=waec&exam_year=2024&type=obj&page=4
2024,4,17,constitution,,,,These rights which are explicitly protected by the Constitution are referred to as,checks and balances,constitutional clauses,entrenched clauses,separation of powers,C,https://myschool.ng/classroom/government/71846?exam_type=waec&exam_year=2024&type=obj&page=4
2024,4,18,constitution,,,,"Constitutionally, the local government administration is controlled by the state through",administrators,legislation,native laws,state bureau,B,https://myschool.ng/classroom/government/71847?exam_type=waec&exam_year=2024&type=obj&page=4
2024,4,19,objective,,,,"Which state institution is referred to as the bureaucratic wing responsible for the running of government offices, agencies and departments?",Bureau of National Affairs,Civil Service,Controller of state services,Public services board,B,https://myschool.ng/classroom/government/71848?exam_type=waec&exam_year=2024&type=obj&page=4
2024,4,20,objective,,,,The local government administration in many West African countries is faced with a myriad of problems one of which is,employment retention,illiterate traditional authorities,unavailability of land,weak institution,A,https://myschool.ng/classroom/government/71849?exam_type=waec&exam_year=2024&type=obj&page=4
2024,6,26,constitution,,,,A set of principles enshrined in a constitution that guide the government in making laws and policies for the welfare of the people is referred to as,directive principle of state policy,constitutional provisions,Human Rights and Administrative Justice,"edicts, customs and traditions",A,https://myschool.ng/classroom/government/71857?exam_type=waec&exam_year=2024&type=obj&page=6
2024,6,27,objective,,,,"Which situation in a democratic state can create an environment where military intervention is perceived as the only option to restore order, protect the population or address grievances?",boycott of elections,economic crises,political crises,youth unemployent,C,https://myschool.ng/classroom/government/71858?exam_type=waec&exam_year=2024&type=obj&page=6
2024,6,28,objective,,,,"Despite the many challenges bedevilling the Economic Community of West African States (ECOWAS), it has managed over the years in promoting",collective will against globalisation,trade tariffs and self-reliance,regional integration and cooperation,,C,https://myschool.ng/classroom/government/71860?exam_type=waec&exam_year=2024&type=obj&page=6
2024,6,29,objective,,,,One of the reasons for which the United Nations (UN) is considered as the only influential world body is the fact that it,plays a crucial role in international diplomacy,supports the war mission of member countries,influences regime change by supporting the opposition,withholds humanitarian support to military regimes,A,https://myschool.ng/classroom/government/71861?exam_type=waec&exam_year=2024&type=obj&page=6
2024,6,30,objective,,,,The African Union (AU) aims at ensuring the following developments in member countries except for,equal distribution of wealth,governance and democracy,peace and security,social development,B,https://myschool.ng/classroom/government/71862?exam_type=waec&exam_year=2024&type=obj&page=6
2024,7,31,objective,,,,The Commonwealth of Nations concerns itself with one of the following activities in member countries which is,assisting in the overthrow of unpopular government,conducting elections in member countries,operating the financial sector of poor countries,promotion of peace and security,D,https://myschool.ng/classroom/government/71864?exam_type=waec&exam_year=2024&type=obj&page=7
2024,7,32,objective,,,,The African Union (AU) aims to promote gender equality and women's empowerment through the strategic framework organ of the,African Peer Review Mechanism (APRM),African Development Bank (ADB),New Partnership for Africa's Development (NEPAD),Specialised Commission of Women Empowerment (SCWE),D,https://myschool.ng/classroom/government/71866?exam_type=waec&exam_year=2024&type=obj&page=7
2024,7,33,objective,,,,"What encompasses a range of diplomatic, political, economic and security decisions and actions that a state embarks on to protect and promote sovereignty on the global stage?",Alliances,Foreign policy,National interest,constitutionalism,B,https://myschool.ng/classroom/government/71868?exam_type=waec&exam_year=2024&type=obj&page=7
2024,7,34,objective,,,,What colonial policy worked against the sovereign power and authority and the traditional political authority and institutions?,Crown Colony Edict,Expatriate Edict,Indirect Rule,Protectorate Colony Edict,,https://myschool.ng/classroom/government/71870?exam_type=waec&exam_year=2024&type=obj&page=7
2024,7,35,objective,,,,The surge in nationalism and its related activities was fueled by oppressive colonial experiences and,partition of West African territories,the strong desire for civilisation,ideology and activities of Pan-Africanism,monopoly of mineral resources and land degradation,C,https://myschool.ng/classroom/government/71872?exam_type=waec&exam_year=2024&type=obj&page=7
2024,8,36,objective,,,,Which institution of state enables different groups and interests to be represented as well as actively participate in the political space?,Advocate Groups,Democracy,Judiciary,Political party,,https://myschool.ng/classroom/government/71875?exam_type=waec&exam_year=2024&type=obj&page=8
2024,8,37,objective,,,,Nationalism played a crucial role in the struggle for independence in West Africa by way of fostering a sense of community among the people and,abhorrence of the Western style of governance,civil disobedience and the killings of white officials,dismantling of artificial borders,political consciousness,D,https://myschool.ng/classroom/government/71877?exam_type=waec&exam_year=2024&type=obj&page=8
2024,8,38,objective,,,,The Crown Colony policy introduced some progressive institutions of governance in West Africa such as the,creation of the rigid class system,education of the traditional rulers,introduction of the Western legal system,introduction of military academy,C,https://myschool.ng/classroom/government/71886?exam_type=waec&exam_year=2024&type=obj&page=8
2024,8,39,objective,,,,The following influential nationalist leaders contributed significantly to shaping the political destiny and nation-states of West Africa except,Dawda Kairaba Jawara,Kwame Nkrumah,Nnamdi Azikwe,Oliver Tambo,D,https://myschool.ng/classroom/government/71928?exam_type=waec&exam_year=2024&type=obj&page=8
2024,8,40,objective,,,,Diplomacy plays a vital role in shaping the interactions between states and by extension maintaining,bipolar world,global stability,power blocks,unipolar world,B,https://myschool.ng/classroom/government/71929?exam_type=waec&exam_year=2024&type=obj&page=8
2024,9,41,objective,,,,Military rule does not only pose a threat to democracy but also to,fundamental human rights,national borders,nationalism and patriotism,state sovereignty,A,https://myschool.ng/classroom/government/71930?exam_type=waec&exam_year=2024&type=obj&page=9
2024,9,42,constitution,,,,The following constitute the key features of most independent constitutions in West African States except,nationalist leaders became army commanders,democratic principles of governance,national unity and diversity,socio-economic rights and development,A,https://myschool.ng/classroom/government/71931?exam_type=waec&exam_year=2024&type=obj&page=9
2024,9,43,objective,,,,The grave effect of the French Colonial Policy of Assimilation in her West African Colonies was the,aggressive development of nationalism,shortfall in the essential needs of the colonies,slow pace in their political fortunes,waging war on neighbouring colonial territories,C,https://myschool.ng/classroom/government/71934?exam_type=waec&exam_year=2024&type=obj&page=9
2024,9,44,objective,,,,The British Colonial policy in her West African territories was marked by the following strategies and structures except,divide and rule,economic exploitation,indirect rule,investments in the colonies,D,https://myschool.ng/classroom/government/71935?exam_type=waec&exam_year=2024&type=obj&page=9
2024,9,45,objective,,,,Globalisation impacts the development and progress of West African States by way of,manipulation of economics of states,propping of regimes,protecting state sovereignty,technology transfer,D,https://myschool.ng/classroom/government/71936?exam_type=waec&exam_year=2024&type=obj&page=9
2024,10,46,theory,,,,"Power, authority, legitimacy and sovereignty are described in the study of government as what?",Basic Concepts and Principles,Constitutionalism and Meanings,Principles and Structures,Structure of Governance,A,https://myschool.ng/classroom/government/71937?exam_type=waec&exam_year=2024&type=obj&page=10
2024,10,47,theory,,,,A government with corrupt rulers who use their power to exploit the people and natural resources of their own territory to extend their personal wealth and political power is described as,autocracy,capitalism,kleptocracy,oligarchy,C,https://myschool.ng/classroom/government/71939?exam_type=waec&exam_year=2024&type=obj&page=10
2024,10,48,objective,,,,In what way can the local government system assist in national development? By,aligning local efforts with broader national goals,depending on the central government for basic needs and development,encouraging youth movement to the industrial centres,ensuring only top-bottom policies of government are supported,A,https://myschool.ng/classroom/government/71940?exam_type=waec&exam_year=2024&type=obj&page=10
2024,10,49,objective,,,,The perceived perennial problem of the United Nations (UN) since its inception is the,Directive Principles of State Policy,deep-seated diversity among member states,nature of political leaders and their ages,poor constitutional provisions of member states,B,https://myschool.ng/classroom/government/71941?exam_type=waec&exam_year=2024&type=obj&page=10
2024,10,50,objective,,,,"For the executive to enjoy the goodwill of the people in a democratic state, it must adhere to the tenets of",the Council of State,exercise of unrestrained power,laissez-faire government,political equality,D,https://myschool.ng/classroom/government/71942?exam_type=waec&exam_year=2024&type=obj&page=10
