Year,Page,Question_Number,Question_Type,Instruction,Passage,Image_URLs,Question,OptionA,OptionB,OptionC,OptionD,Answer,Detail_URL
2015,1,1,objective,,,,The expression 'such a rude room of such a poor pair' illustrates,onomatopoeia,pun,rhyme,alliteration,D,https://myschool.ng/classroom/literature-in-english/45559?exam_type=waec&exam_year=2015&type=obj&page=1
2015,1,2,objective,,,,The setting is,dawn,sunset,midday,night,D,https://myschool.ng/classroom/literature-in-english/45561?exam_type=waec&exam_year=2015&type=obj&page=1
2015,1,3,objective,,,,The rhyme scheme is,aabb ccdd eeff,abab abab aabb,abca abbc abab,abba abca abab,A,https://myschool.ng/classroom/literature-in-english/45562?exam_type=waec&exam_year=2015&type=obj&page=1
2015,1,4,objective,,,,The theme of the poem is,the love of mother,invoking the spirit of womanhood,admiration for women's hard work,the suffering of women,C,https://myschool.ng/classroom/literature-in-english/45564?exam_type=waec&exam_year=2015&type=obj&page=1
2015,1,5,objective,,,,The literary device used in line 7 is,conceit,personification,hyperbole,pathos,C,https://myschool.ng/classroom/literature-in-english/45566?exam_type=waec&exam_year=2015&type=obj&page=1
2015,2,6,objective,,,,A speech in a play in which a character speaks his or her thoughts alone is,a monologue,an aside,an epilogue,a soliloquy,D,https://myschool.ng/classroom/literature-in-english/45568?exam_type=waec&exam_year=2015&type=obj&page=2
2015,2,7,objective,,,,"In literature, repetition is used essentially for",rhyme,suspense,allusion,emphasis,D,https://myschool.ng/classroom/literature-in-english/45571?exam_type=waec&exam_year=2015&type=obj&page=2
2015,2,8,objective,,,,The pattern of a poem without reference to its content is referred to as the,limerick,metre,free verse,form,D,https://myschool.ng/classroom/literature-in-english/45573?exam_type=waec&exam_year=2015&type=obj&page=2
2015,2,9,objective,,,,The performers in a play constitute the,chorus,characters,audience,cast,D,https://myschool.ng/classroom/literature-in-english/45574?exam_type=waec&exam_year=2015&type=obj&page=2
2015,2,10,objective,,,,The stanza is an example of,appellation,apostrophe,euphemism,elegy,B,https://myschool.ng/classroom/literature-in-english/45575?exam_type=waec&exam_year=2015&type=obj&page=2
2015,3,11,objective,,,,Pan is used here as,an allusion,symbol,irony,metonymy,B,https://myschool.ng/classroom/literature-in-english/45577?exam_type=waec&exam_year=2015&type=obj&page=3
2015,3,12,objective,,,,The rhyme scheme of the stanza is,abcabcc,ababcdd,babacc,bcbccaa,B,https://myschool.ng/classroom/literature-in-english/45582?exam_type=waec&exam_year=2015&type=obj&page=3
2015,3,13,objective,,,,A metrical foot in which a stressed syllable is followed by an unstressed syllable is,iambic,spondaic,trochaic,dactylic,C,https://myschool.ng/classroom/literature-in-english/45585?exam_type=waec&exam_year=2015&type=obj&page=3
2015,3,14,objective,,,,........... Is the location of the action of the plot,Setting,Narrative technique,Point of view,Characterization,A,https://myschool.ng/classroom/literature-in-english/45586?exam_type=waec&exam_year=2015&type=obj&page=3
2015,3,15,objective,,,,A ballad is essentially a ........... poem,descriptive,dramatic,pastoral,narrative,D,https://myschool.ng/classroom/literature-in-english/45588?exam_type=waec&exam_year=2015&type=obj&page=3
2015,4,16,objective,,,,The first four lines of the Shakespearian sonnet rhyme,abcd,abba,abab,cdcd,C,https://myschool.ng/classroom/literature-in-english/45589?exam_type=waec&exam_year=2015&type=obj&page=4
2015,4,17,objective,,,,A story in which characters or actions represent abstract ideas or moral qualities is,an epic,a legend,an allegory,a satire,C,https://myschool.ng/classroom/literature-in-english/45591?exam_type=waec&exam_year=2015&type=obj&page=4
2015,4,18,biblical-reference,,,,The use of imagery in prose or verse,appeals to the senses,develops the plot,creates confusion,obscures meaning,A,https://myschool.ng/classroom/literature-in-english/45592?exam_type=waec&exam_year=2015&type=obj&page=4
2015,4,19,objective,,,,The lines illustrate,soliloquy,parallelism,dialogue,contrast,B,https://myschool.ng/classroom/literature-in-english/45594?exam_type=waec&exam_year=2015&type=obj&page=4
2015,4,20,objective,,,,'heads' in the second line is an example of,synecdoche,inversion,epithet,conceit,A,https://myschool.ng/classroom/literature-in-english/45595?exam_type=waec&exam_year=2015&type=obj&page=4
2015,5,21,theory,,,,A character that develops in the course of a novel or play is described as,flat,antagonist,round,protagonist,C,https://myschool.ng/classroom/literature-in-english/45597?exam_type=waec&exam_year=2015&type=obj&page=5
2015,5,22,objective,,,,A dirge is a poem sung,to send a child to sleep,to make workers happy,at a birthday party,at a funeral,D,https://myschool.ng/classroom/literature-in-english/45600?exam_type=waec&exam_year=2015&type=obj&page=5
2015,5,23,objective,,,,"In drama, the ............. creates humour",hero,clown,villain,chorus,B,https://myschool.ng/classroom/literature-in-english/45601?exam_type=waec&exam_year=2015&type=obj&page=5
2015,5,24,objective,,,,'Let me not love thee if I love thee not' illustrates,metaphor,proverb,paradox,meiosis,C,https://myschool.ng/classroom/literature-in-english/45602?exam_type=waec&exam_year=2015&type=obj&page=5
2015,5,25,objective,,,,...........is a literary device used to express unpleasant in a more acceptable manner,Epilogue,Epigram,Euphemism,Eulogy,C,https://myschool.ng/classroom/literature-in-english/45603?exam_type=waec&exam_year=2015&type=obj&page=5
2015,6,26,objective,,,,The write's attitude to the couple is one of,resignation,indifference,patronage,praise,A,https://myschool.ng/classroom/literature-in-english/45609?exam_type=waec&exam_year=2015&type=obj&page=6
2015,6,27,passage-based,,,,The dominant literary device used in the passage is,litotes,personification,simle,paradox,B,https://myschool.ng/classroom/literature-in-english/45610?exam_type=waec&exam_year=2015&type=obj&page=6
2015,6,28,passage-based,,,,The rhetorical question that ends the passage stresses the,wickedness of thieves,poverty of the couple,security of the hut,filthiness of the surrounding,B,https://myschool.ng/classroom/literature-in-english/45611?exam_type=waec&exam_year=2015&type=obj&page=6
2015,6,29,objective,,,,The poet's tone is one of,sadness,joy,condemnation,sarcasm,B,https://myschool.ng/classroom/literature-in-english/45709?exam_type=waec&exam_year=2015&type=obj&page=6
2015,6,30,objective,,,,'To bring forth sons and daughters brave'' illustrates,paradox,zeugma,inversion,epigram,C,https://myschool.ng/classroom/literature-in-english/45710?exam_type=waec&exam_year=2015&type=obj&page=6
2015,7,31,objective,,,,The Speaker is,Gonzalo,Antonio,Prospero,Alonso,D,https://myschool.ng/classroom/literature-in-english/45713?exam_type=waec&exam_year=2015&type=obj&page=7
2015,7,32,objective,,,,The Speaker is,Gonzalo,Antonio,Prospero,Alonso,D,https://myschool.ng/classroom/literature-in-english/45714?exam_type=waec&exam_year=2015&type=obj&page=7
2015,7,33,objective,,,,The addressee is,Ariel,Ferdinand,Caliban,Miranda,C,https://myschool.ng/classroom/literature-in-english/45715?exam_type=waec&exam_year=2015&type=obj&page=7
2015,7,34,objective,,,,The ''impostor'' is,Sebastian,Antonio,Ferdinand,Alonso,A,https://myschool.ng/classroom/literature-in-english/45716?exam_type=waec&exam_year=2015&type=obj&page=7
2015,7,35,objective,,,,The ''advocate'' and the ''impostor'' are,conspirators,suspicious of each other,enemies,attracted to each other,A,https://myschool.ng/classroom/literature-in-english/45717?exam_type=waec&exam_year=2015&type=obj&page=7
2015,8,36,objective,,,,The speaker's utterance betrays his,anger,pretence,hatred,sorrow,D,https://myschool.ng/classroom/literature-in-english/45718?exam_type=waec&exam_year=2015&type=obj&page=8
2015,8,37,objective,,,,The speaker is,Gonzalo,Antonio,Sebastian,Alonso,C,https://myschool.ng/classroom/literature-in-english/45719?exam_type=waec&exam_year=2015&type=obj&page=8
2015,8,38,objective,,,,''These words'' refer to,the shipwreck,the son's disappearance,the daughter's wedding,Prospero's magic,C,https://myschool.ng/classroom/literature-in-english/45720?exam_type=waec&exam_year=2015&type=obj&page=8
2015,8,39,objective,,,,Where did the wee\dding take place?,Algiers,Milan,Tunis,Naples,B,https://myschool.ng/classroom/literature-in-english/45721?exam_type=waec&exam_year=2015&type=obj&page=8
2015,8,40,objective,,,,The setting is,outside Prospero's cell,on a ship,in front of Prospero's cell,another part of the island,B,https://myschool.ng/classroom/literature-in-english/45722?exam_type=waec&exam_year=2015&type=obj&page=8
2015,9,41,objective,,,,''.......in my rate'' means,I'm very certain,so far as I can see,there's no doubt,as it appears,B,https://myschool.ng/classroom/literature-in-english/45723?exam_type=waec&exam_year=2015&type=obj&page=9
2015,9,42,objective,,,,Ariel has 'come' because,he has been invited by Prospero,he wants to make a request,he desires a meeting,flying is no problem to him,A,https://myschool.ng/classroom/literature-in-english/45725?exam_type=waec&exam_year=2015&type=obj&page=9
2015,9,43,objective,,,,Prospero has actually,raised a storm at sea,punished Miranda,dismissed Ferdinand,commanded Ariel to disappear,A,https://myschool.ng/classroom/literature-in-english/45726?exam_type=waec&exam_year=2015&type=obj&page=9
2015,9,44,objective,,,,Before Ariel's entry,Ferdinand has brought in some wood,Prospero had put Miranda to sleep,Caliban had been sweaing at prospero,Trinculo had discovered Caliban's cloak,B,https://myschool.ng/classroom/literature-in-english/45727?exam_type=waec&exam_year=2015&type=obj&page=9
2015,9,45,objective,,,,'Ariel and all his quality' means Ariel and,all at his command,the quality of a spirit,his band of spirit,an ability to cause mischief,C,https://myschool.ng/classroom/literature-in-english/45728?exam_type=waec&exam_year=2015&type=obj&page=9
2015,10,46,objective,,,,"Soon after, Ariel",flies off to do his duty,recounts the confusion on board the ship,kneels down to worship Prospero,calls Ceres and another spirit,A,https://myschool.ng/classroom/literature-in-english/45729?exam_type=waec&exam_year=2015&type=obj&page=10
2015,10,47,objective,,,,''we two'' are,Antonio and Adrian,Sebastian and Adrian,Sebastian and Franciso,Antonio and Sebastian,D,https://myschool.ng/classroom/literature-in-english/45730?exam_type=waec&exam_year=2015&type=obj&page=10
2015,10,48,objective,,,,X and Y are,Antonio and Alonso,Sebastian and Alonso,Antonio and Gonzalo,Sebastian and Gonzalo,A,https://myschool.ng/classroom/literature-in-english/45731?exam_type=waec&exam_year=2015&type=obj&page=10
2015,10,49,objective,,,,X and Y are,Antonio and Alonso,Sebastian and Alonso,Antonio and Gonzalo,Sebastian and Gonzalo,A,https://myschool.ng/classroom/literature-in-english/45732?exam_type=waec&exam_year=2015&type=obj&page=10
2015,10,50,objective,,,,The situation in the extract is highly,satirical,prophetic,ironical,comical,C,https://myschool.ng/classroom/literature-in-english/45733?exam_type=waec&exam_year=2015&type=obj&page=10
2015,11,51,objective,,,,What has happened to all the other characters in the scene?,They have been made deaf and dumb,Ariel has put them all to sleep,They have been sent away,Prospero has put them to sleep,B,https://myschool.ng/classroom/literature-in-english/45734?exam_type=waec&exam_year=2015&type=obj&page=11
2015,11,52,objective,,,,The ''two'' later plot to_______,kill all the other characters,escape from the island,kill Prospero and Miranda,kill Alonso and Gonzalo,A,https://myschool.ng/classroom/literature-in-english/45735?exam_type=waec&exam_year=2015&type=obj&page=11
2016,1,1,objective,,,,...... refers to the structure of a work of art.,form,Plot,Setting,Style,B,https://myschool.ng/classroom/literature-in-english/45101?exam_type=waec&exam_year=2016&type=obj&page=1
2016,1,2,objective,,,,Conflict in a literary work begins to unfold with,climax,episode,exposition,resolution,A,https://myschool.ng/classroom/literature-in-english/45102?exam_type=waec&exam_year=2016&type=obj&page=1
2016,1,3,objective,,,,The character assumed by the author in his writing is,protagonist,chorus,persona,pseudonym,C,https://myschool.ng/classroom/literature-in-english/45104?exam_type=waec&exam_year=2016&type=obj&page=1
2016,1,4,objective,,,,Oral literature is part of,drama,folklore,poetry,music,B,https://myschool.ng/classroom/literature-in-english/45105?exam_type=waec&exam_year=2016&type=obj&page=1
2016,1,5,objective,,,,Poetry is written in,chapters,paragraphs,scenes,lines,D,https://myschool.ng/classroom/literature-in-english/45106?exam_type=waec&exam_year=2016&type=obj&page=1
2016,2,6,objective,,,,Poetry is written in,chapters,lines,paragraphs,scenes,B,https://myschool.ng/classroom/literature-in-english/45107?exam_type=waec&exam_year=2016&type=obj&page=2
2016,2,7,objective,,,,The ....... produces comic relief in drama,chorus,protagonist,antagonist,clown,D,https://myschool.ng/classroom/literature-in-english/45108?exam_type=waec&exam_year=2016&type=obj&page=2
2016,2,8,objective,,,,A short play is also called a,farce,novelette,playlet,slapstick,C,https://myschool.ng/classroom/literature-in-english/45109?exam_type=waec&exam_year=2016&type=obj&page=2
2016,2,9,objective,,,,The rhyme scheme is,abab,aaba,abcc,abbc,A,https://myschool.ng/classroom/literature-in-english/45110?exam_type=waec&exam_year=2016&type=obj&page=2
2016,2,10,objective,,,,The lines are iambic,pentameter,trimeter,tetrameter,hexameter,C,https://myschool.ng/classroom/literature-in-english/45111?exam_type=waec&exam_year=2016&type=obj&page=2
2016,3,11,objective,,,,The lines constitute,an epic,a quatrain,an ode,a sestet,B,https://myschool.ng/classroom/literature-in-english/45112?exam_type=waec&exam_year=2016&type=obj&page=3
2016,3,12,objective,,,,''The sun smiled gently on the scene'' illustrates,paradox,euphemism,hyperbole,personification,D,https://myschool.ng/classroom/literature-in-english/45113?exam_type=waec&exam_year=2016&type=obj&page=3
2016,3,13,objective,,,,The major part of the Petrarch sonnet is the,quintet,sestet,tercet,octave,D,https://myschool.ng/classroom/literature-in-english/45114?exam_type=waec&exam_year=2016&type=obj&page=3
2016,3,14,objective,,,,"A Poem that celebrates an object, person or event is",a sonnet,a dirge,an ode,a balled,C,https://myschool.ng/classroom/literature-in-english/45115?exam_type=waec&exam_year=2016&type=obj&page=3
2016,3,15,objective,,,,''That it will rain is not unlike'' illustrates the use of,irony,lilotes,metaphor,metonymy,B,https://myschool.ng/classroom/literature-in-english/45116?exam_type=waec&exam_year=2016&type=obj&page=3
2016,4,16,biblical-reference,,,,An...... is an indirect and usually unfavourable remark,allusion,irony,aside,innuendo,D,https://myschool.ng/classroom/literature-in-english/45117?exam_type=waec&exam_year=2016&type=obj&page=4
2016,4,17,objective,,,,'Many hands make light work' illustrates the use of,zeugma,hyperbole,metonymy,synecdoche,D,https://myschool.ng/classroom/literature-in-english/45118?exam_type=waec&exam_year=2016&type=obj&page=4
2016,4,18,objective,,,,Through ........ the ills of society are criticised with the objective of having them corrected,dramatic irony,comic relief,satire,farce,C,https://myschool.ng/classroom/literature-in-english/45119?exam_type=waec&exam_year=2016&type=obj&page=4
2016,4,19,passage-based,,,,Read the following lines to answer this question The livid waters roared and snarled and flapped At the poor battered and weeping yacht. The dominant device used in the lines is,simile,alliteration,assonance,personification,D,https://myschool.ng/classroom/literature-in-english/45120?exam_type=waec&exam_year=2016&type=obj&page=4
2016,4,20,passage-based,,,,Read the following lines to answer this question The livid waters roared and snarled and flapped At the poor battered and weeping yacht. The picture presented is one of,quiet sea,dark sky,stormy weather,calm season,C,https://myschool.ng/classroom/literature-in-english/45121?exam_type=waec&exam_year=2016&type=obj&page=4
2016,5,21,objective,,,,The attitude of the writer towards the President is one of,contempt,disdain,disinterest,approval,C,https://myschool.ng/classroom/literature-in-english/45122?exam_type=waec&exam_year=2016&type=obj&page=5
2016,5,22,objective,,,,The prevailing atmosphere is,tense,sad,cordial,warm,A,https://myschool.ng/classroom/literature-in-english/45123?exam_type=waec&exam_year=2016&type=obj&page=5
2016,5,23,objective,,,,The expression ''plastered on each of their face like a death mask'' illustrates.,alliteration and metaphor,simile and personification,personification and alliteration,metaphor and simile,D,https://myschool.ng/classroom/literature-in-english/45124?exam_type=waec&exam_year=2016&type=obj&page=5
2016,5,24,objective,,,,''......... screaming anger'' is an example of,allusion,personjfication,simile,"euphei,,,,,ism",B,https://myschool.ng/classroom/literature-in-english/45125?exam_type=waec&exam_year=2016&type=obj&page=5
2016,5,25,objective,,,,The last paragraph illustrates,foreshadow,pathos,bathos,climax,D,https://myschool.ng/classroom/literature-in-english/45126?exam_type=waec&exam_year=2016&type=obj&page=5
2016,6,26,objective,,,,The theme of the poem is,indecision,separation,rejected love,requited love,D,https://myschool.ng/classroom/literature-in-english/45127?exam_type=waec&exam_year=2016&type=obj&page=6
2016,6,27,objective,,,,The speaker is,decisive,frustrated,disappointed,angry,A,https://myschool.ng/classroom/literature-in-english/45128?exam_type=waec&exam_year=2016&type=obj&page=6
2016,6,28,objective,,,,The dominant literary device used in the poem is,paradox,parody,metaphor,oxymoron,C,https://myschool.ng/classroom/literature-in-english/45129?exam_type=waec&exam_year=2016&type=obj&page=6
2016,6,29,objective,,,,The mood of the poem is,jubilant,sad,gloomy,romantic,D,https://myschool.ng/classroom/literature-in-english/45130?exam_type=waec&exam_year=2016&type=obj&page=6
2016,6,30,theory,,,,The poem can be described as,an epitaph,a lyric,a lullaby,an elegy,B,https://myschool.ng/classroom/literature-in-english/45131?exam_type=waec&exam_year=2016&type=obj&page=6
2016,7,31,objective,,,,The speaker is,Othello,Duke,Brabantio,lago,C,https://myschool.ng/classroom/literature-in-english/45132?exam_type=waec&exam_year=2016&type=obj&page=7
2016,7,32,objective,,,,The speaker is addressing,Cassio,Brabantio,Roderigo,Othello,D,https://myschool.ng/classroom/literature-in-english/45133?exam_type=waec&exam_year=2016&type=obj&page=7
2016,7,33,objective,,,,''Sooty bosom'' is a metaphor for,a black coat,Othello,a breastplate,lago,B,https://myschool.ng/classroom/literature-in-english/45134?exam_type=waec&exam_year=2016&type=obj&page=7
2016,7,34,objective,,,,''Run from her guardege'' refers to,Emilia,Desdemona,Bianca,Cassio's mistress,B,https://myschool.ng/classroom/literature-in-english/45135?exam_type=waec&exam_year=2016&type=obj&page=7
2016,7,35,objective,,,,The setting is,another street outside the Sagittary,a council chamber,a seaport in Cyprus,the citadel,B,https://myschool.ng/classroom/literature-in-english/45136?exam_type=waec&exam_year=2016&type=obj&page=7
2016,8,36,objective,,,,The speaker is,Brabantio,Cassio,Gratiano,lago,D,https://myschool.ng/classroom/literature-in-english/45137?exam_type=waec&exam_year=2016&type=obj&page=8
2016,8,37,objective,,,,The addressee is,Othello,Duke,Roderigo,Montano,C,https://myschool.ng/classroom/literature-in-english/45138?exam_type=waec&exam_year=2016&type=obj&page=8
2016,8,38,objective,,,,What has happened to the speaker?,He has been fined,He has fallen out of favour,He has been denied promotion,He has lost his job,C,https://myschool.ng/classroom/literature-in-english/45139?exam_type=waec&exam_year=2016&type=obj&page=8
2016,8,39,objective,,,,The underlined expression shows that the speaker is,jovial,insincere,polite,unfriendly,B,https://myschool.ng/classroom/literature-in-english/45140?exam_type=waec&exam_year=2016&type=obj&page=8
2016,8,40,objective,,,,The setting is,a street in Venice,a street in Cyprus,outside the citadel,a court before the citadel,B,https://myschool.ng/classroom/literature-in-english/45141?exam_type=waec&exam_year=2016&type=obj&page=8
2016,9,41,objective,,,,The speaker is addressing,Cassio,Duke,herself,himself,D,https://myschool.ng/classroom/literature-in-english/45142?exam_type=waec&exam_year=2016&type=obj&page=9
2016,9,42,objective,,,,The speaker is,Othello,lago,Lodovico,Bianca,B,https://myschool.ng/classroom/literature-in-english/45143?exam_type=waec&exam_year=2016&type=obj&page=9
2016,9,43,objective,,,,"Just before this speech,",Othello falls into a trance,Bianca flings a handkerchief at Cassio,Montano fights with Cassio,Roderigo is killed,A,https://myschool.ng/classroom/literature-in-english/45144?exam_type=waec&exam_year=2016&type=obj&page=9
2016,9,44,objective,,,,''medicine'' in the extract refers to the speaker's,hatred,passion,lies,loyalty,C,https://myschool.ng/classroom/literature-in-english/45145?exam_type=waec&exam_year=2016&type=obj&page=9
2016,9,45,objective,,,,The character that enters immediately after is,lago,Emilia,Othello,Cassio,A,https://myschool.ng/classroom/literature-in-english/45146?exam_type=waec&exam_year=2016&type=obj&page=9
2016,10,46,objective,,,,The speaker is,Bianca,Emilia,Clown,Desdemona,B,https://myschool.ng/classroom/literature-in-english/45148?exam_type=waec&exam_year=2016&type=obj&page=10
2016,10,47,objective,,,,The characters that just left the scene are,Othello and lago,Montano and Cassio,Othello and Desdemona,Grantiano and Desdemona,A,https://myschool.ng/classroom/literature-in-english/45149?exam_type=waec&exam_year=2016&type=obj&page=10
2016,10,48,objective,,,,'She' in the extract refers to,Bianca,Desdemona,Emilia,Musician,B,https://myschool.ng/classroom/literature-in-english/45150?exam_type=waec&exam_year=2016&type=obj&page=10
2016,10,49,objective,,,,'My wayward husband' refers to,Othello,lago,Cassio,Roderigo,B,https://myschool.ng/classroom/literature-in-english/45151?exam_type=waec&exam_year=2016&type=obj&page=10
2016,10,50,objective,,,,In the extract ''this napkin'' is ''the token'' of love between,lago and Emilia,Cassio and Desdemona,Bianca and Cassio,Desdemona and Othello,D,https://myschool.ng/classroom/literature-in-english/45152?exam_type=waec&exam_year=2016&type=obj&page=10
2017,1,1,objective,,,,A praise poem is ____________,A Ballad,A Panegyric,An Allegory,An Epigram,B,https://myschool.ng/classroom/literature-in-english/49742?exam_type=waec&exam_year=2017&type=obj&page=1
2017,1,2,objective,,,,A literary work in which the characters are animals is a ____________,Lampoon,Fable,Parody,Pantomine,B,https://myschool.ng/classroom/literature-in-english/49745?exam_type=waec&exam_year=2017&type=obj&page=1
2017,1,3,objective,,,,A short single act drama is called____________,Opera,Allusion,Farce,Playlet,D,https://myschool.ng/classroom/literature-in-english/49747?exam_type=waec&exam_year=2017&type=obj&page=1
2017,1,4,objective,,,,"*Through the trees, I'll hear asingle* *Ringing sound, a cowbelljingle* The underlined is an example of____________ryhme",End,Feminine,Internal,Masculine,A,https://myschool.ng/classroom/literature-in-english/49751?exam_type=waec&exam_year=2017&type=obj&page=1
2017,1,5,passage-based,,"**Yet, let me flap this bug with gilded wings,This painted child of dirt, that stinks and stings**",,"*Yet, let me flap this bug with gilded wings,This painted child of dirt, that stinks and stings* The alliteration in stinks and stings effectively conveys__________-",Distaste,Admiration,Indifference,Approval,A,https://myschool.ng/classroom/literature-in-english/49754?exam_type=waec&exam_year=2017&type=obj&page=1
2017,2,6,passage-based,,"**Yet, let me flap this bug with gilded wings,This painted child of dirt, that stinks and stings**",,"*Yet, let me flap this bug with gilded wings,This painted child of dirt, that stinks and stings* The poets intention is to___________",Create Humor,Arouse sympathy,Create fun,Show Contempt,D,https://myschool.ng/classroom/literature-in-english/49755?exam_type=waec&exam_year=2017&type=obj&page=2
2017,2,7,passage-based,,"**Yet, let me flap this bug with gilded wings,This painted child of dirt, that stinks and stings**",,"*Yet, let me flap this bug with gilded wings,This painted child of dirt, that stinks and stings* The lines illustrates________",Blank Verse,End ryhme,Internal rhyme,Free Verse,D,https://myschool.ng/classroom/literature-in-english/49756?exam_type=waec&exam_year=2017&type=obj&page=2
2017,2,8,objective,,,,A play on words for literary effect is_________,A Paradox,A Pun,A Satire,An Elegy,B,https://myschool.ng/classroom/literature-in-english/49758?exam_type=waec&exam_year=2017&type=obj&page=2
2017,2,9,objective,,,,"""Its a matter of sad joy"" Iillustrates__________",Metonymy,Oxymoron,Euphemism,Irony,B,https://myschool.ng/classroom/literature-in-english/49759?exam_type=waec&exam_year=2017&type=obj&page=2
2017,2,10,objective,,,,The leading character in a literary work is the________,Foil,Villain,Antagonist,Protagonist,D,https://myschool.ng/classroom/literature-in-english/49760?exam_type=waec&exam_year=2017&type=obj&page=2
2017,3,11,objective,,,,A narrative poem that relates heroic exploits is an___________,Epilogue,Epitaph,Epic,Epigram,C,https://myschool.ng/classroom/literature-in-english/49825?exam_type=waec&exam_year=2017&type=obj&page=3
2017,3,12,objective,,,,Over the cobbles it clattered and crashed is an example of__________,Oxymoron,Pun,Onomatopoeia,Paradox,C,https://myschool.ng/classroom/literature-in-english/49828?exam_type=waec&exam_year=2017&type=obj&page=3
2017,3,13,objective,,,,An essential features of drama is___________,Soliloquy,Conflict,Irony,Aside,B,https://myschool.ng/classroom/literature-in-english/49830?exam_type=waec&exam_year=2017&type=obj&page=3
2017,3,14,objective,,,,"A humorous poem with five lines, the first two ryhming with the last is______________",An ode,Sestet,Octave,A Limerick,D,https://myschool.ng/classroom/literature-in-english/49833?exam_type=waec&exam_year=2017&type=obj&page=3
2017,3,15,passage-based,,,,"Death be not proud, though some have called thee might and dreadful is an example of___________",Euphemism,Metaphor,Apostrophe,Aliteration,C,https://myschool.ng/classroom/literature-in-english/49837?exam_type=waec&exam_year=2017&type=obj&page=3
2017,4,16,objective,,,,An essential part of the plot is____________,Characterization,Exposition,Atmosphere,Foreshadow,A,https://myschool.ng/classroom/literature-in-english/49839?exam_type=waec&exam_year=2017&type=obj&page=4
2017,4,17,objective,,,,The climax in a literary work is the_____________,Middle,Beginning,Central part of the dialogue,Peak of the conflict,D,https://myschool.ng/classroom/literature-in-english/49841?exam_type=waec&exam_year=2017&type=obj&page=4
2017,4,18,objective,,,,**Dramatis** **personae** is the same as ____________,Chorus,Prompter,Foil,Cast,D,https://myschool.ng/classroom/literature-in-english/49846?exam_type=waec&exam_year=2017&type=obj&page=4
2017,4,19,objective,,,,Ten thousand saw i at glance....... Illustrates_________,Caesura,Climax,Bathos,Hyperbole,D,https://myschool.ng/classroom/literature-in-english/49848?exam_type=waec&exam_year=2017&type=obj&page=4
2017,4,20,objective,,,,Catharsis is normally associated with____________,Pantomime,Tragedy,Comedy,Farce,B,https://myschool.ng/classroom/literature-in-english/49850?exam_type=waec&exam_year=2017&type=obj&page=4
2017,5,21,passage-based,,,,The dominant feeling in the passage is that of______________,Hostility,Anger,Anxiety,Bitterness,C,https://myschool.ng/classroom/literature-in-english/49858?exam_type=waec&exam_year=2017&type=obj&page=5
2017,5,22,objective,,,,The feeling is conveyed by the use of_________,Long sentences,Visual images,Tactile images,Short sentences,C,https://myschool.ng/classroom/literature-in-english/49862?exam_type=waec&exam_year=2017&type=obj&page=5
2017,5,23,objective,,,,Their silence spoke millions illustrates___________,Oxymoron,Litotes,Tactile images,Short sentences,C,https://myschool.ng/classroom/literature-in-english/49865?exam_type=waec&exam_year=2017&type=obj&page=5
2017,5,24,objective,,,,The family bell summoned us is an example of__________,Apostrophe,Personification,Allusion,Euphemism,B,https://myschool.ng/classroom/literature-in-english/49867?exam_type=waec&exam_year=2017&type=obj&page=5
2017,5,25,passage-based,,,,The passage is__________,In First person,In Third Person,A Dialogue,Monologue,A,https://myschool.ng/classroom/literature-in-english/49868?exam_type=waec&exam_year=2017&type=obj&page=5
2017,6,26,objective,,,,The first stanza is a ____________,Tercet,Couplet,Quatrain,Sestet,A,https://myschool.ng/classroom/literature-in-english/49873?exam_type=waec&exam_year=2017&type=obj&page=6
2017,6,27,objective,,,,The poem evokes the senses of_______,Smell and Sight,Smell and Hearing,Sight and Hearing,Touch and Smell,C,https://myschool.ng/classroom/literature-in-english/49878?exam_type=waec&exam_year=2017&type=obj&page=6
2017,6,28,objective,,,,The dominant literary device used in the poem is_____________,Allusion,Repetition,Allegory,Metonymy,B,https://myschool.ng/classroom/literature-in-english/49879?exam_type=waec&exam_year=2017&type=obj&page=6
2017,6,29,objective,,,,The poet's tone is one of__________,Anxiety,Defiance,Nostalgia,Regret,C,https://myschool.ng/classroom/literature-in-english/49881?exam_type=waec&exam_year=2017&type=obj&page=6
2017,6,30,objective,,,,My ears will drink by eager of choice illustrates________,Oxymoron,Onomatopoeia,Synecdoche,Meiosis,C,https://myschool.ng/classroom/literature-in-english/49883?exam_type=waec&exam_year=2017&type=obj&page=6
2017,7,31,objective,,,,The speaker is_____________,Duke,Othello,Brabantio,Cassio,A,https://myschool.ng/classroom/literature-in-english/50039?exam_type=waec&exam_year=2017&type=obj&page=7
2017,7,32,objective,,,,The tale being referred to is___________,Duke's war exploits,Brabantio's rejection of the Othello and Desdemona relationship,Othello's war exploits,Brabantio's rejection of Othello's love for his daughter,C,https://myschool.ng/classroom/literature-in-english/50040?exam_type=waec&exam_year=2017&type=obj&page=7
2017,7,33,objective,,,,........this tale justifies_________,Roderigo's unrequited love for Desdemona,Cassio's promotion above Iago,Desdemona's attraction to Othello,Brabantio's rejection of Othello's love for his daughter,C,https://myschool.ng/classroom/literature-in-english/50042?exam_type=waec&exam_year=2017&type=obj&page=7
2017,7,34,objective,,,,The underlined expression means___________,Seek counsel elsewhere,Wait till the war is ended,Take your revenge,Make the best out of this,D,https://myschool.ng/classroom/literature-in-english/50043?exam_type=waec&exam_year=2017&type=obj&page=7
2017,7,35,passage-based,,,,According to the speaker__________,The tale was good enough to win a woman's heart,The fight was unnecessary,The charges were a waste of time,There were other matters demanding the attention of the Senate,A,https://myschool.ng/classroom/literature-in-english/50047?exam_type=waec&exam_year=2017&type=obj&page=7
2017,8,36,objective,,,,Othello is speaking to_____________,Brabantio,Duke,Montano,Roderigo,B,https://myschool.ng/classroom/literature-in-english/50048?exam_type=waec&exam_year=2017&type=obj&page=8
2017,8,37,objective,,,,The speech illustrates the use of________,Irony,Litotes,Paradox,Comic relief,A,https://myschool.ng/classroom/literature-in-english/50050?exam_type=waec&exam_year=2017&type=obj&page=8
2017,8,38,objective,,,,*A man he is honesty and trust refers to_________*,Cassio,Lodovico,Gratiano,Iago,D,https://myschool.ng/classroom/literature-in-english/50051?exam_type=waec&exam_year=2017&type=obj&page=8
2017,8,39,objective,,,,Othello is leaving to__________,Fight in Rhodes,Make peace with the Turks,Meet the government of Cyprus,Take over the government of Cyprus,B,https://myschool.ng/classroom/literature-in-english/50052?exam_type=waec&exam_year=2017&type=obj&page=8
2017,8,40,objective,,,,Othello then_________,Leaves with Desdemona,Entrusts Desdemona to Iago's care,Calls his lieutenant,Confers with the Duke,B,https://myschool.ng/classroom/literature-in-english/50053?exam_type=waec&exam_year=2017&type=obj&page=8
2017,9,41,objective,,,,His soldiership refers to______________,Roderigo,Montano,Cassio,Brabantio,C,https://myschool.ng/classroom/literature-in-english/50055?exam_type=waec&exam_year=2017&type=obj&page=9
2017,9,42,objective,,,,Sir refers to__________,Cassio,Roderigo,Othello,Duke,B,https://myschool.ng/classroom/literature-in-english/50057?exam_type=waec&exam_year=2017&type=obj&page=9
2017,9,43,objective,,,,Iago___________,Wants to go to Cyprus with Othello,Does not regard Roderigo as a good soldier,Is bitter about Cassio's appointment as Lieutenant,,C,https://myschool.ng/classroom/literature-in-english/50059?exam_type=waec&exam_year=2017&type=obj&page=9
2017,9,44,objective,,,,His eyes refers to____________,Lodovico,Cassio,Othello,Duke,B,https://myschool.ng/classroom/literature-in-english/50060?exam_type=waec&exam_year=2017&type=obj&page=9
2017,9,45,objective,,,,The setting is_______,The Castle,Cyprus,A sea-port,Venice,D,https://myschool.ng/classroom/literature-in-english/50061?exam_type=waec&exam_year=2017&type=obj&page=9
2017,10,46,objective,,,,The speaker is ________,Iago,Othello,Brabantio,Duke,B,https://myschool.ng/classroom/literature-in-english/50063?exam_type=waec&exam_year=2017&type=obj&page=10
2017,10,47,objective,,,,The first two lines express the speaker's_____________,Loneliness,Fear,Confusion,Regret,D,https://myschool.ng/classroom/literature-in-english/50064?exam_type=waec&exam_year=2017&type=obj&page=10
2017,10,48,objective,,,,The speaker has just_______________,Divorced his wife,Arrived home from war,Had a nightmare,Smothered his wife,D,https://myschool.ng/classroom/literature-in-english/50066?exam_type=waec&exam_year=2017&type=obj&page=10
2017,10,49,objective,,,,The speech is provoked by______,Emilia's call,Iago's treachery,Cassio's confession,Desdemona's plea,A,https://myschool.ng/classroom/literature-in-english/50068?exam_type=waec&exam_year=2017&type=obj&page=10
2017,10,50,objective,,,,The underlined expression suggests that____________,There is an imminent eclipse,Life will never be the same again for the speaker,Nothing will change,There is an impending danger for the speaker,B,https://myschool.ng/classroom/literature-in-english/50069?exam_type=waec&exam_year=2017&type=obj&page=10
2018,1,1,objective,,,,The Main Character in a Play or Novel is the ____________,Protagonist,Narrator,Villain,Antagonist,A,https://myschool.ng/classroom/literature-in-english/49493?exam_type=waec&exam_year=2018&type=obj&page=1
2018,1,2,objective,,,,A dramatic performance with **ONLY** bodily movements and no speech is a _____________,Farce,Mime,Slapstick,Burlesque,B,https://myschool.ng/classroom/literature-in-english/49495?exam_type=waec&exam_year=2018&type=obj&page=1
2018,1,3,objective,,,,"Before a play is performed, it is ___________",Auditioned,Applauded,Rehearsed,Recited,C,https://myschool.ng/classroom/literature-in-english/49496?exam_type=waec&exam_year=2018&type=obj&page=1
2018,1,4,objective,,,,A play that moves the audience to pity and fear is a ____________,Comedy,Farce,Pantomime,Tragedy,D,https://myschool.ng/classroom/literature-in-english/49498?exam_type=waec&exam_year=2018&type=obj&page=1
2018,1,5,objective,,,,A Sonnet has a final couplet when it has___________,A sestet,An octave,Two sestets,Three quatrains,D,https://myschool.ng/classroom/literature-in-english/49500?exam_type=waec&exam_year=2018&type=obj&page=1
2018,2,6,objective,,,,*He is my most beloved enemy* ilustrates *__________*,Synecdoche,Oxymoron,Metonymy,Litotes,B,https://myschool.ng/classroom/literature-in-english/49502?exam_type=waec&exam_year=2018&type=obj&page=2
2018,2,7,objective,,,,The cast appears at the end of a play for the ___________-,Musical,Curtain Call,Intermission,Introduction,B,https://myschool.ng/classroom/literature-in-english/49504?exam_type=waec&exam_year=2018&type=obj&page=2
2018,2,8,objective,,,,Diction is a writer's choice of___________-,Style,Syntax,Rhythm,Words,D,https://myschool.ng/classroom/literature-in-english/49505?exam_type=waec&exam_year=2018&type=obj&page=2
2018,2,9,objective,,,,A poem which celebrates simple country life is___________,A dirge,An ode,An epic,A pastoral,D,https://myschool.ng/classroom/literature-in-english/49506?exam_type=waec&exam_year=2018&type=obj&page=2
2018,2,10,objective,,,,**Oh spite! Oh Hell!! I see you are all bent** **To set aganist me for your merriment.** The lines illustrate__________,Epitaph,Epigram,Apostrophe,Allusion,C,https://myschool.ng/classroom/literature-in-english/49508?exam_type=waec&exam_year=2018&type=obj&page=2
2018,3,11,objective,,,,"Hamartia, in a literary work refers to a hero's_________",Tragic flaw,Inordinate ambition,strength of character,Good works,A,https://myschool.ng/classroom/literature-in-english/49509?exam_type=waec&exam_year=2018&type=obj&page=3
2018,3,12,objective,,,,**Who lied in the chapelNow lies in the Abbey** The dominant device used is___________-,Paradox,Pun,Chiasmus,Zeugma,B,https://myschool.ng/classroom/literature-in-english/49512?exam_type=waec&exam_year=2018&type=obj&page=3
2018,3,13,objective,,,,A short play perfomed during the pause between the acts of a longer play is____________-,An Interlude,An epilogue,A prologue,An interval,A,https://myschool.ng/classroom/literature-in-english/49513?exam_type=waec&exam_year=2018&type=obj&page=3
2018,3,14,objective,,,,*Weeping Willow* illustrates________,Dramatic Monologue,Pathetic Fallacy,Transferred epithet,Dramatic Irony,B,https://myschool.ng/classroom/literature-in-english/49515?exam_type=waec&exam_year=2018&type=obj&page=3
2018,3,15,passage-based,,"**But the towering earth was tired of sitting in one position.She moved suddenly and the houses crumbled, the mountains heaved horrible, and the work of a million years was lost**",,"*But the towering earth was tired of sitting in one position.She moved suddenly and the houses crumbled, the mountains heaved horrible, and the work of a million years was lost* The predominant figure of speech in the extract is____________",Oxymoron,Personification,Contrast,Paradox,B,https://myschool.ng/classroom/literature-in-english/49517?exam_type=waec&exam_year=2018&type=obj&page=3
2018,4,16,passage-based,,"**But the towering earth was tired of sitting in one position.She moved suddenly and the houses crumbled, the mountains heaved horrible, and the work of a million years was lost**",,"*But the towering earth was tired of sitting in one position.She moved suddenly and the houses crumbled, the mountains heaved horrible, and the work of a million years was lost* The extract is about____________",An earthquake,A flood,An explosion,A storm,A,https://myschool.ng/classroom/literature-in-english/49519?exam_type=waec&exam_year=2018&type=obj&page=4
2018,4,17,passage-based,,"**But the towering earth was tired of sitting in one position.She moved suddenly and the houses crumbled, the mountains heaved horrible, and the work of a million years was lost**",,"*But the towering earth was tired of sitting in one position.She moved suddenly and the houses crumbled, the mountains heaved horrible, and the work of a million years was lost* The effect of the extract is conveyed through the use of___________",Antithesis,Parallelism,Conceit,Climax,D,https://myschool.ng/classroom/literature-in-english/49521?exam_type=waec&exam_year=2018&type=obj&page=4
2018,4,18,passage-based,,"Beware her faintly failing health, and gentle gallands around her speed",,"*Beware her faintly failing health, and gentle gallands around her speed* Illustrates_________",Oxymoron,Alliteration,Synecdoche,Repetition,B,https://myschool.ng/classroom/literature-in-english/49524?exam_type=waec&exam_year=2018&type=obj&page=4
2018,4,19,objective,,,,The eight-line part of a Petrarchan sonnet is the________________,Quatrain,Octave,Octameter,Quartet,B,https://myschool.ng/classroom/literature-in-english/49527?exam_type=waec&exam_year=2018&type=obj&page=4
2018,4,20,objective,,,,The metrical beat in the *The Splendor falls on castle walls is___________*,Anapaestic,Dactylic,Trochaic,Iambic,D,https://myschool.ng/classroom/literature-in-english/49528?exam_type=waec&exam_year=2018&type=obj&page=4
2018,5,21,objective,,,,The expression *door hugged the couple* illustrates_________,Euphemism,Personification,Litotes,Onomatopoeia,B,https://myschool.ng/classroom/literature-in-english/49536?exam_type=waec&exam_year=2018&type=obj&page=5
2018,5,22,objective,,,,The narrative technique is___________,First person,Stream of consciousness,Third person,Interior monologue,B,https://myschool.ng/classroom/literature-in-english/49538?exam_type=waec&exam_year=2018&type=obj&page=5
2018,5,23,theory,,,,*How would he explain it to himself?* exemplifies________,Hyperbole,Parallelism,Rhetorical question,Understatement,C,https://myschool.ng/classroom/literature-in-english/49541?exam_type=waec&exam_year=2018&type=obj&page=5
2018,5,24,objective,,,,The writer's attitude towards James is **ONE** of ______,Sympathy,Distrust,Support,Disapproval,B,https://myschool.ng/classroom/literature-in-english/49544?exam_type=waec&exam_year=2018&type=obj&page=5
2018,5,25,objective,,,,The setting is_____________,The couple's home,A modern hotel,The airport,A school,B,https://myschool.ng/classroom/literature-in-english/49547?exam_type=waec&exam_year=2018&type=obj&page=5
2018,6,26,objective,,,,The mood of the persona is one of___________,Contempt,Hilarity,Despondency,Hopefulness,C,https://myschool.ng/classroom/literature-in-english/49556?exam_type=waec&exam_year=2018&type=obj&page=6
2018,6,27,objective,,,,The theme of the poem is_______,Love in the garden,The acceptance,The rising moon,Unrequited Love,D,https://myschool.ng/classroom/literature-in-english/49559?exam_type=waec&exam_year=2018&type=obj&page=6
2018,6,28,objective,,,,The envy of the persona's friends is expressed in the __________,Avid touch,Clipped wings,Green and Frosty eyes,Song-filled air pocket,C,https://myschool.ng/classroom/literature-in-english/49561?exam_type=waec&exam_year=2018&type=obj&page=6
2018,6,29,objective,,,,Line 2 is in iambic___________,Trimether,Tetrameter,Pentameter,Hexameter,A,https://myschool.ng/classroom/literature-in-english/49562?exam_type=waec&exam_year=2018&type=obj&page=6
2018,6,30,objective,,,,The last line illustrates___________,Parallelism,Contrast,Hyperbole,Metaphor,D,https://myschool.ng/classroom/literature-in-english/49563?exam_type=waec&exam_year=2018&type=obj&page=6
2018,7,31,objective,,,,"Just before this, Iago advises Othello to____________",Stay there,Go in,Show concern,Be fair,B,https://myschool.ng/classroom/literature-in-english/49570?exam_type=waec&exam_year=2018&type=obj&page=7
2018,7,32,objective,,,,*By Janus* *is* _____________,Flashback,Foregrounding,An allusion,Euphemism,A,https://myschool.ng/classroom/literature-in-english/49571?exam_type=waec&exam_year=2018&type=obj&page=7
2018,7,33,objective,,,,The news Othello receives is that he must___________,Set sail for Cyprus,Reconcile the Brabantio,Prepare a Military strategy,Appear before the council,D,https://myschool.ng/classroom/literature-in-english/49573?exam_type=waec&exam_year=2018&type=obj&page=7
2018,7,34,objective,,,,Duke is in council that night because of_____________,Brabantio's complaint,Iago's demotion,The Turkish threat,Cassio's Dismissal as Lieutenant,C,https://myschool.ng/classroom/literature-in-english/49576?exam_type=waec&exam_year=2018&type=obj&page=7
2018,7,35,objective,,,,"Later on, Brabantio accuses Othello of___________",Being unfair to Iago,Instigating a brawl,Stealing his daughter,Being a Knave,C,https://myschool.ng/classroom/literature-in-english/49578?exam_type=waec&exam_year=2018&type=obj&page=7
2018,8,36,objective,,,,The speaker is_________,Brabantio,Duke,Montano,Lodovico,B,https://myschool.ng/classroom/literature-in-english/49581?exam_type=waec&exam_year=2018&type=obj&page=8
2018,8,37,objective,,,,He is responding to_________,Montano,Iago,Roderigo,Brabantio,D,https://myschool.ng/classroom/literature-in-english/49585?exam_type=waec&exam_year=2018&type=obj&page=8
2018,8,38,objective,,,,The setting is_____________-,A council chamber,"Venice, a street",Another street outside the Sagittary,The citadel of cyprus,A,https://myschool.ng/classroom/literature-in-english/49588?exam_type=waec&exam_year=2018&type=obj&page=8
2018,8,39,objective,,,,These lovers refers to_________,Iago and Emilia,Cassio and Bianca,Roderigo and Desdemona,Othello and Desdemona,D,https://myschool.ng/classroom/literature-in-english/49590?exam_type=waec&exam_year=2018&type=obj&page=8
2018,8,40,objective,,,,The expression *lay a sentence* means _________,Decide who is guilty,Offer criticism,Give advice,Speak politely,C,https://myschool.ng/classroom/literature-in-english/49592?exam_type=waec&exam_year=2018&type=obj&page=8
2018,9,41,objective,,,,Othello is brought to the scene because___________,Iago is drunk,A bell has been rung,People are fighting,Cassio has stabbed Montano,D,https://myschool.ng/classroom/literature-in-english/49599?exam_type=waec&exam_year=2018&type=obj&page=9
2018,9,42,objective,,,,The underlined expression refers to the____________,Intervention of the storm in the war,Return of the victorious army to Cyprus,Killing of Roderigo by Iago,Stabbing of Montano by Cassio,A,https://myschool.ng/classroom/literature-in-english/49601?exam_type=waec&exam_year=2018&type=obj&page=9
2018,9,43,objective,,,,"In ""Who began this"" This refers to the ______________",Theft,War,Bell,Brawl,D,https://myschool.ng/classroom/literature-in-english/49602?exam_type=waec&exam_year=2018&type=obj&page=9
2018,9,44,objective,,,,"To Othello, Iago is________________",Sincere,A negligent guard,Untrustworthy,A loyal senator,A,https://myschool.ng/classroom/literature-in-english/49607?exam_type=waec&exam_year=2018&type=obj&page=9
2018,9,45,objective,,,,The major consequence of the brawl is that___________,Montano is killed,Roderigo demands his money back,Cassio is dismissed,Iago is given charge of the city,C,https://myschool.ng/classroom/literature-in-english/49611?exam_type=waec&exam_year=2018&type=obj&page=9
2018,10,46,objective,,,,The speaker is__________---,Iago,Desdemona,Cassio,Emilia,D,https://myschool.ng/classroom/literature-in-english/49617?exam_type=waec&exam_year=2018&type=obj&page=10
2018,10,47,objective,,,,The speaker is addressing__________,Othello,Montano,Duke,Roderigo,A,https://myschool.ng/classroom/literature-in-english/49618?exam_type=waec&exam_year=2018&type=obj&page=10
2018,10,48,objective,,,,The speech is in response to___________,The allegation that the speaker has lied about Desdemona,Iago's disdain for Othello,Othello's suspicion that Cassio and Desdemona are lovers,Brabantio's rejection of his daughter,C,https://myschool.ng/classroom/literature-in-english/49619?exam_type=waec&exam_year=2018&type=obj&page=10
2018,10,49,objective,,,,"The line *""Remove your thought, It doth abuse your bossom""* Is best paraphrased ______________",You are not wise,Do not kill yourself,You are ungrateful,You demean yourself by thinking so,D,https://myschool.ng/classroom/literature-in-english/49620?exam_type=waec&exam_year=2018&type=obj&page=10
2018,10,50,theory,,,,The character being spoken of is described as___________,Unhappy,Virtuous,Generous,Wretched,B,https://myschool.ng/classroom/literature-in-english/49621?exam_type=waec&exam_year=2018&type=obj&page=10
2019,1,1,objective,,,,A literary work which is intended to teach a moral lesson is __________,romantic,didactic,mimetic,moralistic.,B,https://myschool.ng/classroom/literature-in-english/58471?exam_type=waec&exam_year=2019&type=obj&page=1
2019,1,2,objective,,,,A short account of an interesting event is ________,a tale.,an anecdote,an episode.,a story,B,https://myschool.ng/classroom/literature-in-english/58472?exam_type=waec&exam_year=2019&type=obj&page=1
2019,1,3,objective,,,,He is a citizen of no mean city illustrates _________,bathos,euphemism,metonymy,litotes,D,https://myschool.ng/classroom/literature-in-english/58473?exam_type=waec&exam_year=2019&type=obj&page=1
2019,1,4,objective,,,,"The introductory part of a play, a novel or a poem is the ________",epilogue,plot,setting,prologue,D,https://myschool.ng/classroom/literature-in-english/58474?exam_type=waec&exam_year=2019&type=obj&page=1
2019,1,5,objective,,,,An elegy is a poem of ________,mourning,complain,hope,joy,A,https://myschool.ng/classroom/literature-in-english/58502?exam_type=waec&exam_year=2019&type=obj&page=1
2019,2,6,objective,,,,The trees bowed their heads in shame illustrates ________,personification,alliteration,assonance,paradox,A,https://myschool.ng/classroom/literature-in-english/58504?exam_type=waec&exam_year=2019&type=obj&page=2
2019,2,7,objective,,,,A character whose actions are predictable in a literary work is _________,round characte,a flat character,the hero,the villain,B,https://myschool.ng/classroom/literature-in-english/58505?exam_type=waec&exam_year=2019&type=obj&page=2
2019,2,8,objective,,,,A scene in fiction enacting past events is __________,allusion,foreshadow,flashback,interlude,C,https://myschool.ng/classroom/literature-in-english/58506?exam_type=waec&exam_year=2019&type=obj&page=2
2019,2,9,objective,,,,Poetic licence is a term applied to a poet's _______,choice of word,choice of characters,restrictions in the use of language,freedom in the use of language,D,https://myschool.ng/classroom/literature-in-english/58508?exam_type=waec&exam_year=2019&type=obj&page=2
2019,2,10,objective,,,,*Milton! thou should'st be living at this hour* . The literary device used in the line above is _________,aside,apostrophe,soliloquy,suspense,B,https://myschool.ng/classroom/literature-in-english/58510?exam_type=waec&exam_year=2019&type=obj&page=2
2019,3,11,biblical-reference,,,,"*Here lie I, Martin Eliginbrodde* *Have mercy on my soul, Lord Gọd* The extract above illustrates ______",epitaph,elegy,ballad,dirge,A,https://myschool.ng/classroom/literature-in-english/58511?exam_type=waec&exam_year=2019&type=obj&page=3
2019,3,12,objective,,,,"We live to die, we die to live is an example of _________",paradox,hyperbole,inversion,Oxymoron,A,https://myschool.ng/classroom/literature-in-english/58513?exam_type=waec&exam_year=2019&type=obj&page=3
2019,3,13,passage-based,,,,"*Read the poem and answer questions 13 to 15.* Here she lies, a pretty bud, Lately made of flesh and blood; Who as soon fell fast asleep As her little eyes did peep. Give her strewings, but not stir The earth that lightly covers her. The poem is about a/an ___________",flower,old woman,little child,traveller,B,https://myschool.ng/classroom/literature-in-english/58527?exam_type=waec&exam_year=2019&type=obj&page=3
2019,3,14,objective,,,,The persona's mood is one of ________,anger,admiration,indifference,joy,B,https://myschool.ng/classroom/literature-in-english/58529?exam_type=waec&exam_year=2019&type=obj&page=3
2019,3,15,objective,,,,"The, rhyme pattern is ______",abc abc,aa bb cc,ab ab cc,aa bc bc,B,https://myschool.ng/classroom/literature-in-english/58532?exam_type=waec&exam_year=2019&type=obj&page=3
2019,4,16,objective,,,,A play in which characters act through gestures and facial expressions is a _______,pantomime,burlesque,melodrama,farce,A,https://myschool.ng/classroom/literature-in-english/58533?exam_type=waec&exam_year=2019&type=obj&page=4
2019,4,17,objective,,,,Characterization refers to __________,how characters are grouped,the readers' opinions of the characters,how characters are depicted,the roles played by the character,D,https://myschool.ng/classroom/literature-in-english/58535?exam_type=waec&exam_year=2019&type=obj&page=4
2019,4,18,objective,,,,"In a literary work, the foil is one who ________",complements another character,contrasts with another character,introduces the conflict,resolves the conflict,B,https://myschool.ng/classroom/literature-in-english/58538?exam_type=waec&exam_year=2019&type=obj&page=4
2019,4,19,objective,,,,Dramatis personae refers to ________,audience,characters,chorus,cast,B,https://myschool.ng/classroom/literature-in-english/58540?exam_type=waec&exam_year=2019&type=obj&page=4
2019,4,20,objective,,,,A literary' device used to enhance sound effect in poetry is __________,imagery,alliteration,refrain,symbol,B,https://myschool.ng/classroom/literature-in-english/58554?exam_type=waec&exam_year=2019&type=obj&page=4
2019,5,21,objective,,,,...supine eyes ... illustrates _______,oxymoron,paradox,verbal irony,synecdoche.,A,https://myschool.ng/classroom/literature-in-english/58559?exam_type=waec&exam_year=2019&type=obj&page=5
2019,5,22,objective,,,,Rumbling as used in the 1st paragraph is ______,onomatopoeic,metaphoric,ironic,alliterative,B,https://myschool.ng/classroom/literature-in-english/58560?exam_type=waec&exam_year=2019&type=obj&page=5
2019,5,23,objective,,,,The dominant theme is ______,unrequited love,loss of opportunity,lack of trust.,insatiable hunger,B,https://myschool.ng/classroom/literature-in-english/58561?exam_type=waec&exam_year=2019&type=obj&page=5
2019,5,24,objective,,,,The narrative technique is ________,third person,first person,interior-monologue,multiple narration.,A,https://myschool.ng/classroom/literature-in-english/58562?exam_type=waec&exam_year=2019&type=obj&page=5
2019,5,25,objective,,,,The writer's attitude is one of ________,anger,indifference,sympathy,mockery,C,https://myschool.ng/classroom/literature-in-english/58564?exam_type=waec&exam_year=2019&type=obj&page=5
2019,6,26,objective,,,,The stanzas are written in _________,quintets,quatrains,sestets,tercets,B,https://myschool.ng/classroom/literature-in-english/58566?exam_type=waec&exam_year=2019&type=obj&page=6
2019,6,27,objective,,,,The recurrent device used is ________,synecdoche,apostrophe,metonymy,paradox,B,https://myschool.ng/classroom/literature-in-english/58567?exam_type=waec&exam_year=2019&type=obj&page=6
2019,6,28,objective,,,,The mood of the poet is ________,derisive,ecstatic,regretful,melancholic,C,https://myschool.ng/classroom/literature-in-english/58568?exam_type=waec&exam_year=2019&type=obj&page=6
2019,6,29,objective,,,,The opening lines of the stanzas are ________,trochaic,iambic,anapaestic,dactylic,B,https://myschool.ng/classroom/literature-in-english/58569?exam_type=waec&exam_year=2019&type=obj&page=6
2019,6,30,objective,,,,The first stanza rhymes ______,ab ac,ab ab,abcb,abba,C,https://myschool.ng/classroom/literature-in-english/58571?exam_type=waec&exam_year=2019&type=obj&page=6
2019,7,31,objective,,,,The speaker is ___________,Gratiano,Duke,Lodovico,Montano,B,https://myschool.ng/classroom/literature-in-english/58573?exam_type=waec&exam_year=2019&type=obj&page=7
2019,7,32,objective,,,,The speech is directly addressed to __________,Cassio,Brabantio,Othello,2nd Senator,B,https://myschool.ng/classroom/literature-in-english/58574?exam_type=waec&exam_year=2019&type=obj&page=7
2019,7,33,objective,,,,The speech is about ________,Brabantio's complaint about Othello.,Othello's loss of his handkerchief,Brabantio's loss of his daughter,the fight between Cassio and Roderigo,A,https://myschool.ng/classroom/literature-in-english/58575?exam_type=waec&exam_year=2019&type=obj&page=7
2019,7,34,objective,,,,"By the speech, the speaker attempts to __________",instigate the addressee,console the addressee,prevent a war,settle a fight,B,https://myschool.ng/classroom/literature-in-english/58576?exam_type=waec&exam_year=2019&type=obj&page=7
2019,7,35,objective,,,,The underlined expression means ________,one is bound to lose something in life,keep smiling even while being robbed,it is useful not to bemoan one's loss,the thief loses either way,C,https://myschool.ng/classroom/literature-in-english/58577?exam_type=waec&exam_year=2019&type=obj&page=7
2019,8,36,objective,,,,The speaker and the addrešsee are ___________,Lodovico and Roderigo,Clown and Lodovico,lago and Roderigo,lago and Clown.,C,https://myschool.ng/classroom/literature-in-english/58581?exam_type=waec&exam_year=2019&type=obj&page=8
2019,8,37,objective,,,,What binds the speaker and addressee together is their _______,hatred for Othello,fear of Cassio,fear of Cassio,hatred for Brabantio,A,https://myschool.ng/classroom/literature-in-english/58588?exam_type=waec&exam_year=2019&type=obj&page=8
2019,8,38,objective,,,,"The addressee is enjoined to Go, make money for ___________",wooing Desdemona,enriching lago,placating Brabantio,rewarding Bianca,A,https://myschool.ng/classroom/literature-in-english/58589?exam_type=waec&exam_year=2019&type=obj&page=8
2019,8,39,objective,,,,The underlined expression means ________,you have your way by making him angry,you gain by making his wife cheat on him,you will not be delighted at the result,you will have succeeded in seducing her,B,https://myschool.ng/classroom/literature-in-english/58590?exam_type=waec&exam_year=2019&type=obj&page=8
2019,8,40,objective,,,,The speaker's attitude to the addressee is one of ________,spite,envy,friendliness,intolerance,D,https://myschool.ng/classroom/literature-in-english/58591?exam_type=waec&exam_year=2019&type=obj&page=8
2019,9,41,objective,,,,The speaker is __________,Othello,Gratiano,lago,Cassio,A,https://myschool.ng/classroom/literature-in-english/58592?exam_type=waec&exam_year=2019&type=obj&page=9
2019,9,42,objective,,,,The setting is ___________,a street in front of the citadel,a street,the citadel,Desdemona's chamber,D,https://myschool.ng/classroom/literature-in-english/58593?exam_type=waec&exam_year=2019&type=obj&page=9
2019,9,43,objective,,,,The speaker is addressing _________,Duke and others,Emilia,the Senate,Lodovico and others,D,https://myschool.ng/classroom/literature-in-english/58594?exam_type=waec&exam_year=2019&type=obj&page=9
2019,9,44,objective,,,,The speech is intended to _______,preserve the speaker's reputation,express the speakers remorse,express the speaker's acceptance of guilt,denounce the speaker's enemies,A,https://myschool.ng/classroom/literature-in-english/58595?exam_type=waec&exam_year=2019&type=obj&page=9
2019,9,45,objective,,,,Among these unlucky deeds. the immediate one is _________,he killing of Desdemona,declaring Desdemiona as unfaithful,refusing to listen to Emilia,the sacking of Cassio,A,https://myschool.ng/classroom/literature-in-english/58596?exam_type=waec&exam_year=2019&type=obj&page=9
2019,10,46,objective,,,,The speaker is ________,Brabantio,Othello,Duke,Montano,B,https://myschool.ng/classroom/literature-in-english/58599?exam_type=waec&exam_year=2019&type=obj&page=10
2019,10,47,objective,,,,The occasion is _________,Othello's return from war,Othello's departure for Cyprus,Montano expressirig his delight after the tempest.,the defeat of the Turks.,A,https://myschool.ng/classroom/literature-in-english/58600?exam_type=waec&exam_year=2019&type=obj&page=10
2019,10,48,objective,,,,The dominant images are associated with _______,love,nature,sailing,war,C,https://myschool.ng/classroom/literature-in-english/58601?exam_type=waec&exam_year=2019&type=obj&page=10
2019,10,49,objective,,,,The scene reveals the speaker's __________,fear of adventure,affection for his wife,suspicion,fulfilment as a warrior,D,https://myschool.ng/classroom/literature-in-english/58602?exam_type=waec&exam_year=2019&type=obj&page=10
2019,10,50,theory,,,,The language of the extract is best described as _________,ironical,humorous,hyperbolical,sarcástie.,A,https://myschool.ng/classroom/literature-in-english/58603?exam_type=waec&exam_year=2019&type=obj&page=10
2020,1,1,objective,,,,A situation where an audience is aware of an action a character is ignorant of is ________,dramatic irony,comic relief,aside,satire,A,https://myschool.ng/classroom/literature-in-english/58605?exam_type=waec&exam_year=2020&type=obj&page=1
2020,1,2,objective,,,,A fictional prose which is neither a novel nor a short story is a/an __________,allegory,fable,novella,novelette,C,https://myschool.ng/classroom/literature-in-english/58606?exam_type=waec&exam_year=2020&type=obj&page=1
2020,1,3,objective,,,,Condensed use of language is a dominant feature of ___________,comedy,poetry,prose,tragedy,B,https://myschool.ng/classroom/literature-in-english/58607?exam_type=waec&exam_year=2020&type=obj&page=1
2020,1,4,objective,,,,The sudden reversal of a character's fortune in a literary work is _________,denouement,hamartia,hubris,peripeteia,D,https://myschool.ng/classroom/literature-in-english/58611?exam_type=waec&exam_year=2020&type=obj&page=1
2020,1,5,objective,,,,The underlined words illustrate ________,hyperbole,irony,metonymy,paradox,A,https://myschool.ng/classroom/literature-in-english/58647?exam_type=waec&exam_year=2020&type=obj&page=1
2020,2,6,objective,,,,*hands* and *feet* in line 4 illustrate _________,contrast,litotes,personification,synecdoche,D,https://myschool.ng/classroom/literature-in-english/58651?exam_type=waec&exam_year=2020&type=obj&page=2
2020,2,7,objective,,,,His pen was like the breath of life exemplifies ________,bathos,pathos,satire,simile,D,https://myschool.ng/classroom/literature-in-english/58653?exam_type=waec&exam_year=2020&type=obj&page=2
2020,2,8,objective,,,,Comic relief occurs in ________,comedies,pastorals,romance,tragedies,D,https://myschool.ng/classroom/literature-in-english/58654?exam_type=waec&exam_year=2020&type=obj&page=2
2020,2,9,passage-based,,,,Students rarely read Julius Caesar these days illustrates ________,caesura,eponym,oxymoron,zeugma,B,https://myschool.ng/classroom/literature-in-english/58657?exam_type=waec&exam_year=2020&type=obj&page=2
2020,2,10,objective,,,,"In Literature, the term poetic justice applies to __________",a story that ends well,characters that are spared death,the development of a good plot,the rewarding of good characters and the punishing of bad ones.,D,https://myschool.ng/classroom/literature-in-english/58659?exam_type=waec&exam_year=2020&type=obj&page=2
2020,3,11,objective,,,,"Ascribing human moods to nature, as in a playful-breeze illustrates _________",humour,pathetic fallacy,symbolism,zeugma,B,https://myschool.ng/classroom/literature-in-english/58663?exam_type=waec&exam_year=2020&type=obj&page=3
2020,3,12,objective,,,,The end of a performance is followed by ________,a curtain call,a curtain raiser,epilogue,interlude,A,https://myschool.ng/classroom/literature-in-english/58668?exam_type=waec&exam_year=2020&type=obj&page=3
2020,3,13,passage-based,,,,Read the lines and answer the question: The underlined words illustrate: Marching _along_ fifty score _strong_ Great hearted gentlemen singing this _song_,assonance,consonance,onomatopoeia,repetition,A,https://myschool.ng/classroom/literature-in-english/58672?exam_type=waec&exam_year=2020&type=obj&page=3
2020,3,14,objective,,,,A short poem with a witty or sarcastic ending is a/an __________,ballad,allegory,epigram,panegyric,C,https://myschool.ng/classroom/literature-in-english/58676?exam_type=waec&exam_year=2020&type=obj&page=3
2020,3,15,objective,,,,The big boulder blasted the house illustrates _________,alliteration,contrast,irony,paradox,A,https://myschool.ng/classroom/literature-in-english/58677?exam_type=waec&exam_year=2020&type=obj&page=3
2020,4,16,objective,,,,The dominant literary device used in the lines is ________,euphemism,hyperbole,paradox,understatement,C,https://myschool.ng/classroom/literature-in-english/58678?exam_type=waec&exam_year=2020&type=obj&page=4
2020,4,17,objective,,,,I find no peace and all my war is done I fear and hope. I burn and freeze like ice. The feeling of the narrator in the extract is to one of ________,Confusion,fatigue,love,joy,A,https://myschool.ng/classroom/literature-in-english/58681?exam_type=waec&exam_year=2020&type=obj&page=4
2020,4,18,objective,,,,Which of the following is written by an African playwright?,She Stoops to Conquer,A Raisin in the Sun,Lonely Days,The Blood of a stranger,D,https://myschool.ng/classroom/literature-in-english/58683?exam_type=waec&exam_year=2020&type=obj&page=4
2020,4,19,objective,,,,Which of the following is written by a Non-African poet?,Piano and Drums,The Dining Table,The Schoolboy,The Panic of Growing Older,C,https://myschool.ng/classroom/literature-in-english/58684?exam_type=waec&exam_year=2020&type=obj&page=4
2020,4,20,passage-based,,,,The most suitable title for the passage is ________,A Savage Struggle at Night,At Sea on a Stormy Night.,The Long Heaving Waves,The Million Voices in the Sea,B,https://myschool.ng/classroom/literature-in-english/58687?exam_type=waec&exam_year=2020&type=obj&page=4
2020,5,21,objective,,,,The predominant use of long vowels in the first sentence heightens the ______ of the waves,anger,expanse,great noise,endless movement,D,https://myschool.ng/classroom/literature-in-english/58688?exam_type=waec&exam_year=2020&type=obj&page=5
2020,5,22,objective,,,,The writer's attitude to the scene is one of _________,anxiety,awe,contempt,indiference,A,https://myschool.ng/classroom/literature-in-english/58689?exam_type=waec&exam_year=2020&type=obj&page=5
2020,5,23,objective,,,,The expression million voices is used as _________,conceit,euphemism,hyperbole,metonymy,C,https://myschool.ng/classroom/literature-in-english/58692?exam_type=waec&exam_year=2020&type=obj&page=5
2020,5,24,objective,,,,A ship in the last line symbolises _________,despair.,hope,pirates,sailors,B,https://myschool.ng/classroom/literature-in-english/58694?exam_type=waec&exam_year=2020&type=obj&page=5
2020,5,25,objective,,,,The theme is about the poet's _________,broken love affairs.,fee the stilly night.,sleepless night.,yearning for happier times gone,D,https://myschool.ng/classroom/literature-in-english/58698?exam_type=waec&exam_year=2020&type=obj&page=5
2020,6,26,objective,,,,The theme of the poem is presented essentially through ________,assonance,contrast.,paradox,repetition,B,https://myschool.ng/classroom/literature-in-english/58719?exam_type=waec&exam_year=2020&type=obj&page=6
2020,6,27,objective,,,,The two words that give hint of the poet's unhappiness are?,light and night,light and shone,night and dimm'd,Shone and dimm'd,C,https://myschool.ng/classroom/literature-in-english/58744?exam_type=waec&exam_year=2020&type=obj&page=6
2020,6,28,objective,,,,The poet refers to memory as being 'fond' and 'sad' because it brings?,cheers and smiles,love and joy,sorrow and pity,smiles and tears,D,https://myschool.ng/classroom/literature-in-english/58746?exam_type=waec&exam_year=2020&type=obj&page=6
2020,6,29,objective,,,,"The meaning of the expression, *Ere slumber's chain has bound me* is",after i wake up,before i sleep,before i dream,since i cannot sleep,D,https://myschool.ng/classroom/literature-in-english/58747?exam_type=waec&exam_year=2020&type=obj&page=6
2020,6,30,objective,,,,The speaker is _________,Cassio,Iago,Lodovico,Roderigo,B,https://myschool.ng/classroom/literature-in-english/58748?exam_type=waec&exam_year=2020&type=obj&page=6
2020,7,31,objective,,,,The listener's initial reaction to the speech is one of _________,anger,defiance,disbelief,regret,A,https://myschool.ng/classroom/literature-in-english/58751?exam_type=waec&exam_year=2020&type=obj&page=7
2020,7,32,objective,,,,The underlined expression implies an attitude of __________,callousness,hypocrisy,racism,tribalism,C,https://myschool.ng/classroom/literature-in-english/58752?exam_type=waec&exam_year=2020&type=obj&page=7
2020,7,33,objective,,,,... y' are robbed! refers to,Brabantio's r-ejection of Othello,Desdemona's stout defense of Othello,Iago's stealing of Rodrigo's purse,Othello's elopement with Desdemona,A,https://myschool.ng/classroom/literature-in-english/58753?exam_type=waec&exam_year=2020&type=obj&page=7
2020,7,34,objective,,,,The speaker is ________,at the citadel of Cyprus,In front of Brabantio's house,In the council chamber,outside the sagittary,B,https://myschool.ng/classroom/literature-in-english/58754?exam_type=waec&exam_year=2020&type=obj&page=7
2020,7,35,objective,,,,The speaker is,cassio,Iago,Duke,Roderigo,A,https://myschool.ng/classroom/literature-in-english/59334?exam_type=waec&exam_year=2020&type=obj&page=7
2020,8,36,objective,,,,The speaker is addressing,Cassio,Iago,Othelo,Roderigo,B,https://myschool.ng/classroom/literature-in-english/59335?exam_type=waec&exam_year=2020&type=obj&page=8
2020,8,37,objective,,,,The mood is that of,deceit,envy,hatred,regret,B,https://myschool.ng/classroom/literature-in-english/59336?exam_type=waec&exam_year=2020&type=obj&page=8
2020,8,38,objective,,,,.... *so good a commander* refers to,Brabantio,Duke,Othelo,Roderigo,C,https://myschool.ng/classroom/literature-in-english/59337?exam_type=waec&exam_year=2020&type=obj&page=8
2020,8,39,objective,,,,The underlined expression exemplifies __________,antithesis,apostrophe,chiasmus,euphemism,B,https://myschool.ng/classroom/literature-in-english/59338?exam_type=waec&exam_year=2020&type=obj&page=8
2020,8,40,objective,,,,".. he ..., referred to by Speaker X, is __________",Brabantio,Gratiano,Montano,Lodovico,A,https://myschool.ng/classroom/literature-in-english/59340?exam_type=waec&exam_year=2020&type=obj&page=8
2020,9,41,objective,,,,..do a desperate turn means _______,commit suicide,confront Duke,disown Desdemona,kill Othello,D,https://myschool.ng/classroom/literature-in-english/59341?exam_type=waec&exam_year=2020&type=obj&page=9
2020,9,42,objective,,,,Speaker Y's speech shows that _________,Cassio is to blame,Emilia is to blame,he is unrepentant,she is regretful,C,https://myschool.ng/classroom/literature-in-english/59342?exam_type=waec&exam_year=2020&type=obj&page=9
2020,9,43,objective,,,,Speaker Y has just ______,discovered lago's plan,"killed, Desdemona",ordered the arrest of lago,promoted Cassio,B,https://myschool.ng/classroom/literature-in-english/59343?exam_type=waec&exam_year=2020&type=obj&page=9
2020,9,44,objective,,,,Just after this dialogue __________,Cassio is killed,Emilia realises her culpability,lago gloats over his success,Roderigo fights Cassio,B,https://myschool.ng/classroom/literature-in-english/59344?exam_type=waec&exam_year=2020&type=obj&page=9
2020,9,45,objective,,,,The speaker is _________,Bianca,Cassio,Desdemona,Emilia,D,https://myschool.ng/classroom/literature-in-english/59345?exam_type=waec&exam_year=2020&type=obj&page=9
2020,10,46,objective,,,,The speaker has just been threatened by ________,Cassio,lago,Lodovico,Othello,D,https://myschool.ng/classroom/literature-in-english/59346?exam_type=waec&exam_year=2020&type=obj&page=10
2020,10,47,objective,,,,What has just happened is that _______,Emilia has confirmed her mistress's guilt,lago has openly confessed his crime,Othello has murdered his wife,Roderigo has realised lago is a fraud,C,https://myschool.ng/classroom/literature-in-english/59347?exam_type=waec&exam_year=2020&type=obj&page=10
2020,10,48,objective,,,,"Soon after this, the Speaker ________",attempts to run away,is arrested by Lodovico,is killed by lago,shows remorse,C,https://myschool.ng/classroom/literature-in-english/59348?exam_type=waec&exam_year=2020&type=obj&page=10
2020,10,49,objective,,,,This stage of the play is known as the _________,climax,conflict,dennouement,exposition,C,https://myschool.ng/classroom/literature-in-english/59349?exam_type=waec&exam_year=2020&type=obj&page=10
2021,1,1,objective,,,,Something a character says on stage that is meant for the audience alone is,an epilogue,a mine,a soliloguy,an aside,D,https://myschool.ng/classroom/literature-in-english/61643?exam_type=waec&exam_year=2021&type=obj&page=1
2021,1,2,objective,,,,A pause within a line of poetry is,an alliteration,a caesura,a metre,an assonance,B,https://myschool.ng/classroom/literature-in-english/61644?exam_type=waec&exam_year=2021&type=obj&page=1
2021,1,3,objective,,,,"A recurring idea, image, or a group of images that unifies a work of literature is",motif,allusion,legend,anecdote,A,https://myschool.ng/classroom/literature-in-english/61645?exam_type=waec&exam_year=2021&type=obj&page=1
2021,1,4,objective,,,,When you are old and grey and full of sleep. The rhythmic pattern of the above line is,anapestic,dactylic,trochaic,iambic,D,https://myschool.ng/classroom/literature-in-english/61646?exam_type=waec&exam_year=2021&type=obj&page=1
2021,1,5,objective,,,,An inscription on a tombstone is an,epitaph,epistle,epigram,ode,A,https://myschool.ng/classroom/literature-in-english/61647?exam_type=waec&exam_year=2021&type=obj&page=1
2021,2,6,objective,,,,"A three-line stanza, rhymed ABA, BCB, CDC is a",couplet,haiku,terza rima,heroic couplet,C,https://myschool.ng/classroom/literature-in-english/61648?exam_type=waec&exam_year=2021&type=obj&page=2
2021,2,7,objective,,,,The chorus normally features prominently in,poetry,the epic,the novel,drama,D,https://myschool.ng/classroom/literature-in-english/61653?exam_type=waec&exam_year=2021&type=obj&page=2
2021,2,8,theory,,,,A story which explains a natural phenomenon or justifies the beliefs of a society is A. myth B. legend C. motif D. fable,myth,legend,motif,fable,A,https://myschool.ng/classroom/literature-in-english/61654?exam_type=waec&exam_year=2021&type=obj&page=2
2021,2,9,objective,,,,The dominant literary device is,the epithet,the rhetorical question,verbal irony,paradox,B,https://myschool.ng/classroom/literature-in-english/61656?exam_type=waec&exam_year=2021&type=obj&page=2
2021,2,10,objective,,,,does it stink like rotten meat? makes use of the sense of,taste,touch,sight,smell,D,https://myschool.ng/classroom/literature-in-english/61657?exam_type=waec&exam_year=2021&type=obj&page=2
2021,3,11,objective,,,,The mood of the poem is one of,joy,doubt,anger,certainty,B,https://myschool.ng/classroom/literature-in-english/61658?exam_type=waec&exam_year=2021&type=obj&page=3
2021,3,12,objective,,,,a short play performed in the pause between the act of a longer play is,denouement,interlude,prologue,epilogue,B,https://myschool.ng/classroom/literature-in-english/61659?exam_type=waec&exam_year=2021&type=obj&page=3
2021,3,13,objective,,,,The most intense part of a conflict is the,resolution,climax,denouement,deus ex machina,B,https://myschool.ng/classroom/literature-in-english/61660?exam_type=waec&exam_year=2021&type=obj&page=3
2021,3,14,objective,,,,I feel a million times better than I felt yesterday is,an apostrophe,a euphemism,an irony,a hyperbole,D,https://myschool.ng/classroom/literature-in-english/61661?exam_type=waec&exam_year=2021&type=obj&page=3
2021,3,15,objective,,,,ldentify the odd item:,third-person narrative,literary appreciation,first-person narrative,epistolary technique,B,https://myschool.ng/classroom/literature-in-english/61663?exam_type=waec&exam_year=2021&type=obj&page=3
2021,4,16,objective,,,,A dramatist is someone who....plays,writes,dírects,commissions,promotes,A,https://myschool.ng/classroom/literature-in-english/61665?exam_type=waec&exam_year=2021&type=obj&page=4
2021,4,17,objective,,,,Nando's family lives within the lower income bracket illustrates,sarcasm,allusion,climax,euphemism,D,https://myschool.ng/classroom/literature-in-english/61670?exam_type=waec&exam_year=2021&type=obj&page=4
2021,4,18,objective,,,,A dramatic performance without words is,mime,an aside,a monologue,a soliloguy,A,https://myschool.ng/classroom/literature-in-english/61672?exam_type=waec&exam_year=2021&type=obj&page=4
2021,4,19,theory,,,,Utopia is a term used to describe,strange circumstances,difficult conditions,pleasant feelings,ideal societies,D,https://myschool.ng/classroom/literature-in-english/61673?exam_type=waec&exam_year=2021&type=obj&page=4
2021,4,20,objective,,,,The lawyer addressed the bench illustrates,simile,oxymoron,alliteration,metonymy,D,https://myschool.ng/classroom/literature-in-english/61674?exam_type=waec&exam_year=2021&type=obj&page=4
2021,5,21,passage-based,,,,The dominant feeling in the passage is that of,nostalgia,anger,expectancy,fear,A,https://myschool.ng/classroom/literature-in-english/61676?exam_type=waec&exam_year=2021&type=obj&page=5
2021,5,22,objective,,,,The feelings is conveyed by the,mouldings on the door,boys; actions,tender care of his mother,little girl's taunts,C,https://myschool.ng/classroom/literature-in-english/61677?exam_type=waec&exam_year=2021&type=obj&page=5
2021,5,23,passage-based,,,,The dominant literary device in the passage is,personification,antithesis,litotes,parallelism,D,https://myschool.ng/classroom/literature-in-english/61678?exam_type=waec&exam_year=2021&type=obj&page=5
2021,5,24,objective,,,,". ..and he had rushed at them, scattering them as some strieked and some laughed illustrates",onomatopoeia,climax,metaphor,metonymy,A,https://myschool.ng/classroom/literature-in-english/61680?exam_type=waec&exam_year=2021&type=obj&page=5
2021,5,25,objective,,,,The main character is,playful,inquisitive,sad,humorous,B,https://myschool.ng/classroom/literature-in-english/61681?exam_type=waec&exam_year=2021&type=obj&page=5
2021,6,26,objective,,,,The poem is about,debtors,dreams,costumes,appearances,D,https://myschool.ng/classroom/literature-in-english/61682?exam_type=waec&exam_year=2021&type=obj&page=6
2021,6,27,objective,,,,The poet's tone is,Supplicatory,defiant,conciliatory,compliant,D,https://myschool.ng/classroom/literature-in-english/61684?exam_type=waec&exam_year=2021&type=obj&page=6
2021,6,28,objective,,,,The rhyme scheme of the first stanza is,aabcc,ababac,aabbc,abbac,C,https://myschool.ng/classroom/literature-in-english/61685?exam_type=waec&exam_year=2021&type=obj&page=6
2021,6,29,objective,,,,The dominant mood is one of,sadness,fear,joy,optimism,A,https://myschool.ng/classroom/literature-in-english/61686?exam_type=waec&exam_year=2021&type=obj&page=6
2021,6,30,objective,,,,We wear the mask that grins and lies illustrate,irony,personification,synecdoche,alliteration,B,https://myschool.ng/classroom/literature-in-english/61687?exam_type=waec&exam_year=2021&type=obj&page=6
2021,7,31,objective,,,,Speaker X is,Hermia,Philostrate,Demetrius,Lysander,C,https://myschool.ng/classroom/literature-in-english/61722?exam_type=waec&exam_year=2021&type=obj&page=7
2021,7,32,objective,,,,Speaker Y is,Titania,Pease blossom,Hippolyta,Helena,D,https://myschool.ng/classroom/literature-in-english/61723?exam_type=waec&exam_year=2021&type=obj&page=7
2021,7,33,objective,,,,Speaker X sees Speaker Y,as a pretender,as a past lover,for the first time,for the last time,B,https://myschool.ng/classroom/literature-in-english/61724?exam_type=waec&exam_year=2021&type=obj&page=7
2021,7,34,objective,,,,Both speakers are in the woods,to hide from each other,to spy on each other,for different reasons,for the same reason,C,https://myschool.ng/classroom/literature-in-english/61725?exam_type=waec&exam_year=2021&type=obj&page=7
2021,7,35,objective,,,,Night evolves in the speakers',huge responsibilities,contracting feelings,despairing thoughts,erotic feelings,B,https://myschool.ng/classroom/literature-in-english/61726?exam_type=waec&exam_year=2021&type=obj&page=7
2021,8,36,objective,,,,The speaker is A. Bottom B. PeaseblossomC.,Bottom,Peaseblossom,Quince,Puck,C,https://myschool.ng/classroom/literature-in-english/61727?exam_type=waec&exam_year=2021&type=obj&page=8
2021,8,37,objective,,,,The speaker is addressing,artists,painters,actors,writers,C,https://myschool.ng/classroom/literature-in-english/61728?exam_type=waec&exam_year=2021&type=obj&page=8
2021,8,38,objective,,,,They intend to rehearse the play,a Midsummer Night's Dream,Pyramus and Thisby,The tradegy of lovers,The Battle of Royal,B,https://myschool.ng/classroom/literature-in-english/61729?exam_type=waec&exam_year=2021&type=obj&page=8
2021,8,39,objective,,,,The rehearsal is in preparation for,Egeus' acceptance of Lysander,the dance of the faries,Theseus' wedding,Titania waking up from a dream,C,https://myschool.ng/classroom/literature-in-english/61735?exam_type=waec&exam_year=2021&type=obj&page=8
2021,8,40,objective,,,,The main actors will be,Snug and Snout,Philostrate and Starveling,Mustardseed,Quince and Bottom,D,https://myschool.ng/classroom/literature-in-english/61736?exam_type=waec&exam_year=2021&type=obj&page=8
2021,9,41,objective,,,,Speaker X is,Titania,Hippolyta,snout,Oberon,A,https://myschool.ng/classroom/literature-in-english/61737?exam_type=waec&exam_year=2021&type=obj&page=9
2021,9,42,objective,,,,Speaker X has just,escaped from the city,fallen into a world of dreams,woken up from an induced sleep,abandoned a loved one,C,https://myschool.ng/classroom/literature-in-english/61738?exam_type=waec&exam_year=2021&type=obj&page=9
2021,9,43,objective,,,,Speaker Y is,Quince,Lysander,Demetrius,Bottom,D,https://myschool.ng/classroom/literature-in-english/61739?exam_type=waec&exam_year=2021&type=obj&page=9
2021,9,44,objective,,,,Speaker Y is a member of,Theseus' retinue,Titania's retinue,the group of actors,the group of lovers,C,https://myschool.ng/classroom/literature-in-english/61740?exam_type=waec&exam_year=2021&type=obj&page=9
2021,9,45,theory,,,,Speaker X's speech can be described as a,satire,conceit,paradox,parody,D,https://myschool.ng/classroom/literature-in-english/61741?exam_type=waec&exam_year=2021&type=obj&page=9
2021,10,46,objective,,,,The speaker is,Flute,Quince,Bottom,Philostrate,B,https://myschool.ng/classroom/literature-in-english/61742?exam_type=waec&exam_year=2021&type=obj&page=10
2021,10,47,objective,,,,The speech is part of the,prologue,epilogue,exposition,lyric,A,https://myschool.ng/classroom/literature-in-english/61744?exam_type=waec&exam_year=2021&type=obj&page=10
2021,10,48,objective,,,,The speaker is involved in putting on,a scene,skit,an act,a play,D,https://myschool.ng/classroom/literature-in-english/61745?exam_type=waec&exam_year=2021&type=obj&page=10
2021,10,49,objective,,,,The occasion is,the celebration of the royal marriage,the king's decision to banish Hermia,Oberon's threat to punish Titania,Titania falling in love with Bottom,A,https://myschool.ng/classroom/literature-in-english/61746?exam_type=waec&exam_year=2021&type=obj&page=10
2021,10,50,objective,,,,The speech is A. romanticB. satiric c. comicD. tragic,romantic,satiric,comic,tragic,C,https://myschool.ng/classroom/literature-in-english/61748?exam_type=waec&exam_year=2021&type=obj&page=10
2022,1,1,objective,,,,A novel that features spiritual apparitions as major character is,Epistolary,Gothic,Historical,Socialogical,B,https://myschool.ng/classroom/literature-in-english/65947?exam_type=waec&exam_year=2022&type=obj&page=1
2022,1,2,objective,,,,The literary term describing individuals in a work of literature is,characters,protagonist,narrator,villain,A,https://myschool.ng/classroom/literature-in-english/65948?exam_type=waec&exam_year=2022&type=obj&page=1
2022,1,3,passage-based,,Several hands stretched out for free meals at the refugee camp,,*Several hands stretched out for free meals at the refugee camp* illustrates,Antithesis,Euphemism,Litotes,Synecdoche,D,https://myschool.ng/classroom/literature-in-english/65954?exam_type=waec&exam_year=2022&type=obj&page=1
2022,1,4,objective,,,,A short play performed between the acts of a bigger play for entertainment is,an in media res,an interlude,an incantation,a deux ex machina,B,https://myschool.ng/classroom/literature-in-english/65955?exam_type=waec&exam_year=2022&type=obj&page=1
2022,1,5,objective,,,,"In literature, the two components of diction are",sentence construction and punctuation,vocabulary and punctuation,syntax and sentence construction,vocabulary and syntax,D,https://myschool.ng/classroom/literature-in-english/65957?exam_type=waec&exam_year=2022&type=obj&page=1
2022,2,6,objective,,,,A story with elements that have both literal and figurative meanings is,an allegory,a fable,a novella,an epistle,A,https://myschool.ng/classroom/literature-in-english/65961?exam_type=waec&exam_year=2022&type=obj&page=2
2022,2,7,passage-based,,My bounty is as boundless as the sea my love as deep,,*My bounty is as boundless as the sea my love as deep* The above lines illustrate,apostrophe,epigram,hyperbole,euphemism,C,https://myschool.ng/classroom/literature-in-english/66014?exam_type=waec&exam_year=2022&type=obj&page=2
2022,2,8,objective,,,,"In drama, catharsis is the",change of setting,conflict between two characters,resolution of conflict,purgation of emotion from tension,D,https://myschool.ng/classroom/literature-in-english/66016?exam_type=waec&exam_year=2022&type=obj&page=2
2022,2,9,objective,,,,The poem is,allegoric,didactic,metaphysical,romantic,B,https://myschool.ng/classroom/literature-in-english/66019?exam_type=waec&exam_year=2022&type=obj&page=2
2022,2,10,objective,,,,The tone of the poet is,jocular,harsh,mournful,sombre,D,https://myschool.ng/classroom/literature-in-english/66021?exam_type=waec&exam_year=2022&type=obj&page=2
2022,3,11,objective,,,,Lines 3 and 4 illustrate,antithesis,oxymoron,anti-climax,metonymy,A,https://myschool.ng/classroom/literature-in-english/66057?exam_type=waec&exam_year=2022&type=obj&page=3
2022,3,12,objective,,,,A word or a phrase that is repeated at regular intervals in a poem or a play is a,dirge,refrain,lullaby,verse,B,https://myschool.ng/classroom/literature-in-english/66060?exam_type=waec&exam_year=2022&type=obj&page=3
2022,3,13,objective,,,,*The warriors conquered my men and my country* illustrates the use of,Paradox,Litotes,Parallelism,Zeugma,D,https://myschool.ng/classroom/literature-in-english/66062?exam_type=waec&exam_year=2022&type=obj&page=3
2022,3,14,objective,,,,Disguise in drama mostly portrays the theme of,known identity,plain identity,unknown identity,mistaken identity,D,https://myschool.ng/classroom/literature-in-english/66091?exam_type=waec&exam_year=2022&type=obj&page=3
2022,3,15,objective,,,,"Men swift to see things *done* , do not *run* their commanding. The words in italics exemplify",pun,end rhyme,internal rhyme,paradox,C,https://myschool.ng/classroom/literature-in-english/66097?exam_type=waec&exam_year=2022&type=obj&page=3
2022,4,16,objective,,,,An aside in drama is used mostly to create a sense of,admiration,conspiracy,greatness,superiority,B,https://myschool.ng/classroom/literature-in-english/66100?exam_type=waec&exam_year=2022&type=obj&page=4
2022,4,17,objective,,,,"*More haste, less speed* illustrates the use of",anaphora,paradox,litotes,synecdoche,B,https://myschool.ng/classroom/literature-in-english/66104?exam_type=waec&exam_year=2022&type=obj&page=4
2022,4,18,passage-based,,Poetry gets bored of being alone It wants to go outdoors to chew the winds.,,*Poetry gets bored of being aloneIt wants to go outdoors to chew the winds.* The mental picture evoked in the above lines is that of,smell and touch,sight and hearing,taste and touch,sight and taste,D,https://myschool.ng/classroom/literature-in-english/66110?exam_type=waec&exam_year=2022&type=obj&page=4
2022,4,19,objective,,,,A novel that recounts the adventures of a likeable rogue is,panegyric,gothic,picaresque,grotesque,C,https://myschool.ng/classroom/literature-in-english/66114?exam_type=waec&exam_year=2022&type=obj&page=4
2022,4,20,passage-based,,"At the fall of their house, the widow lost her husband, her sewing machine and her ear-rings",,"*At the fall of their house, the widow lost her husband, her sewing machine and her ear-rings* illustrates",bathos,epigram,pathos,oxymoron,A,https://myschool.ng/classroom/literature-in-english/66117?exam_type=waec&exam_year=2022&type=obj&page=4
2022,5,21,objective,,,,The narrative technique used is,1st person,Dialogue,3rd person,stream of consciousness,C,https://myschool.ng/classroom/literature-in-english/66122?exam_type=waec&exam_year=2022&type=obj&page=5
2022,5,22,objective,,,,The reference to *mountain* illustrates,allusion,irony,parallelism,antithesis,A,https://myschool.ng/classroom/literature-in-english/66126?exam_type=waec&exam_year=2022&type=obj&page=5
2022,5,23,passage-based,,,,The overall feeling evoked by the passage is one of,anger,empathy,love,relief,B,https://myschool.ng/classroom/literature-in-english/66133?exam_type=waec&exam_year=2022&type=obj&page=5
2022,5,24,objective,,,,*Flood waters met in a mocking kiss* illustrates,contrast,euphemism,personification,litotes,C,https://myschool.ng/classroom/literature-in-english/66145?exam_type=waec&exam_year=2022&type=obj&page=5
2022,5,25,objective,,,,The last sentence conveys the mood of,anxiety,despondency,excitement,nonchalance,B,https://myschool.ng/classroom/literature-in-english/66151?exam_type=waec&exam_year=2022&type=obj&page=5
2022,6,26,objective,,,,The main theme of the poem is,evil of lying,hopeless hope,message of peace,message of war,A,https://myschool.ng/classroom/literature-in-english/66156?exam_type=waec&exam_year=2022&type=obj&page=6
2022,6,27,objective,,,,The tone of the speaker shows,contentment,helplessness,patience,resilience,B,https://myschool.ng/classroom/literature-in-english/66159?exam_type=waec&exam_year=2022&type=obj&page=6
2022,6,28,passage-based,,,,Did your read our minds in your lies? exemplifies,personification,oxymoron,pathetic fallacy,rhetorical question,D,https://myschool.ng/classroom/literature-in-english/66168?exam_type=waec&exam_year=2022&type=obj&page=6
2022,6,29,objective,,,,"But they have soothed us calmly, your lies illustrate",paradox,irony,synecdoche,zeugma,B,https://myschool.ng/classroom/literature-in-english/66172?exam_type=waec&exam_year=2022&type=obj&page=6
2022,6,30,objective,,,,The last lines of both stanzas present,Negative but similar ideas,opposite ideas,Positive but opposite ideas,similar ideas,D,https://myschool.ng/classroom/literature-in-english/66174?exam_type=waec&exam_year=2022&type=obj&page=6
2022,7,31,objective,,,,Who is the speaker?,Demetrius,Egeus,Hermia,Theseus,D,https://myschool.ng/classroom/literature-in-english/66176?exam_type=waec&exam_year=2022&type=obj&page=7
2022,7,32,objective,,,,Philostrate is,Clown of Hippolyta,Duke's entertainer,Fairy king's cuckold,Rival of Puck,B,https://myschool.ng/classroom/literature-in-english/66179?exam_type=waec&exam_year=2022&type=obj&page=7
2022,7,33,objective,,,,The speaker's attitude towards melancholy is,adoration,dislike,intolerance,tolerance,C,https://myschool.ng/classroom/literature-in-english/66182?exam_type=waec&exam_year=2022&type=obj&page=7
2022,7,34,objective,,,,While the speaker is talking,Egeus departs,Flute arrives,the fairies sing,Philostrate departs,D,https://myschool.ng/classroom/literature-in-english/66184?exam_type=waec&exam_year=2022&type=obj&page=7
2022,7,35,objective,,,,"To win Hippolyta's love, the speaker",disowned his friends,had to fight against her,killed his father,sent Puck away,B,https://myschool.ng/classroom/literature-in-english/66188?exam_type=waec&exam_year=2022&type=obj&page=7
2022,8,36,objective,,,,Speakers X and Y are,Demetrious and Puck,Lysander and Demetrius,Hermia and Helen,Lysander and Puck,A,https://myschool.ng/classroom/literature-in-english/66192?exam_type=waec&exam_year=2022&type=obj&page=8
2022,8,37,objective,,,,Speaker Y speaks in the voice of,Bottom,Demetrius,Oberon,Lysander,D,https://myschool.ng/classroom/literature-in-english/66196?exam_type=waec&exam_year=2022&type=obj&page=8
2022,8,38,objective,,,,Speaker Y's intention is to stop,plan,fight,plot,flight,B,https://myschool.ng/classroom/literature-in-english/66200?exam_type=waec&exam_year=2022&type=obj&page=8
2022,8,39,objective,,,,The wars are over,Helena,Titania,Hermia,Hippolyta,A,https://myschool.ng/classroom/literature-in-english/66202?exam_type=waec&exam_year=2022&type=obj&page=8
2022,8,40,theory,,,,Speaker Y's speech can be described as,cowardly,solemn,taunting,silly,C,https://myschool.ng/classroom/literature-in-english/66207?exam_type=waec&exam_year=2022&type=obj&page=8
2022,9,41,objective,,,,The speaker is,Egeus,Oberon,Puke,Theseus,B,https://myschool.ng/classroom/literature-in-english/66208?exam_type=waec&exam_year=2022&type=obj&page=9
2022,9,42,objective,,,,The relationship between the speaker and thou in the first line is one of,companionship,friendship,king and courtier,master and errand boy,C,https://myschool.ng/classroom/literature-in-english/66211?exam_type=waec&exam_year=2022&type=obj&page=9
2022,9,43,objective,,,,This sweet sight refers to,Bottom and Titania,Demetrius and Helena,Lysander and Hermia,Pyramus and Thisbe,A,https://myschool.ng/classroom/literature-in-english/66214?exam_type=waec&exam_year=2022&type=obj&page=9
2022,9,44,objective,,,,The pair are lovers by,accident,fate,design,fortune,C,https://myschool.ng/classroom/literature-in-english/66216?exam_type=waec&exam_year=2022&type=obj&page=9
2022,9,45,objective,,,,The speaker appears to be,blaming himself,commending the addressee,enjoying himself,lamenting the sight,A,https://myschool.ng/classroom/literature-in-english/66222?exam_type=waec&exam_year=2022&type=obj&page=9
2022,10,46,objective,,,,The speaker is,Bottom,Puck,Quince,Peaseblossom,A,https://myschool.ng/classroom/literature-in-english/66224?exam_type=waec&exam_year=2022&type=obj&page=10
2022,10,47,objective,,,,The speaker has just come out of,an appalling experience,a nightmare,an induced sleep,a rehearsal,A,https://myschool.ng/classroom/literature-in-english/66227?exam_type=waec&exam_year=2022&type=obj&page=10
2022,10,48,objective,,,,The architect of the speaker's current state is,Hippolyta,Oberon,Titania,Theseus,B,https://myschool.ng/classroom/literature-in-english/66230?exam_type=waec&exam_year=2022&type=obj&page=10
2022,10,49,objective,,,,It is a state of,deception,ignorance,illusion,innocence,C,https://myschool.ng/classroom/literature-in-english/66232?exam_type=waec&exam_year=2022&type=obj&page=10
2022,10,50,theory,,,,The speaker's language is best described as,comic,satiric,conceit,metaphoric,A,https://myschool.ng/classroom/literature-in-english/66234?exam_type=waec&exam_year=2022&type=obj&page=10
2023,1,1,objective,,,,The moon looked on the massacre in horror ! illustrates,pathetic fallacy,prologue,epilogue,transferred epithet,A,https://myschool.ng/classroom/literature-in-english/68701?exam_type=waec&exam_year=2023&type=obj&page=1
2023,1,2,objective,,,,A dead metaphor is,overused and ineffective,implied and not funny,implied and underused,overused and funny,A,https://myschool.ng/classroom/literature-in-english/68703?exam_type=waec&exam_year=2023&type=obj&page=1
2023,1,3,objective,,,,The third stanza of the Shakespearean sonnet is,couplet,sextet,octave,quatrain,D,https://myschool.ng/classroom/literature-in-english/68704?exam_type=waec&exam_year=2023&type=obj&page=1
2023,1,4,objective,,,,*child of scorn* illustrates,euphemism,metaphor,,metonymy,B,https://myschool.ng/classroom/literature-in-english/68706?exam_type=waec&exam_year=2023&type=obj&page=1
2023,1,5,objective,,,,The metrical structure is predominantly,trochaic,dactyllic,iambic,spondaic,C,https://myschool.ng/classroom/literature-in-english/68707?exam_type=waec&exam_year=2023&type=obj&page=1
2023,2,6,passage-based,,,,"Reading the poem, one notices that the poet is being",hyperbolic,euphemistic,ironic,sarcastic,C,https://myschool.ng/classroom/literature-in-english/68709?exam_type=waec&exam_year=2023&type=obj&page=2
2023,2,7,objective,,,,"In the last stanza, the persona is",fantasizing,angry,malnourished,pretending,A,https://myschool.ng/classroom/literature-in-english/68710?exam_type=waec&exam_year=2023&type=obj&page=2
2023,2,8,objective,,,,The two stanzas are built on,alternate rhyme,identical rhymes,couplets,run-on lines,A,https://myschool.ng/classroom/literature-in-english/68712?exam_type=waec&exam_year=2023&type=obj&page=2
2023,2,9,objective,,,,The prevailing atmosphere is,pleasant,drab,tense,serene,C,https://myschool.ng/classroom/literature-in-english/68714?exam_type=waec&exam_year=2023&type=obj&page=2
2023,2,10,objective,,,,"*join in with it, lead it on, but, finally,* *veer* *it from* illustrates",allusion,simile,parallelism,personification,C,https://myschool.ng/classroom/literature-in-english/68716?exam_type=waec&exam_year=2023&type=obj&page=2
2023,3,11,objective,,,,The attitude of the writer towards Sasu is one of,surprise,anger,approval,disdain,C,https://myschool.ng/classroom/literature-in-english/68717?exam_type=waec&exam_year=2023&type=obj&page=3
2023,3,12,passage-based,,"rattling like leaves in a storm, fear branded on their faces",,"*rattling like leaves in a storm, fear branded on their faces* illustrates",personification and simile,personification and metaphor,simile and metaphor,assonance and simile,A,https://myschool.ng/classroom/literature-in-english/68719?exam_type=waec&exam_year=2023&type=obj&page=3
2023,3,13,objective,,,,The last paragraph illustrates,anti-climax,rising action,suspense,foreshadow,A,https://myschool.ng/classroom/literature-in-english/68720?exam_type=waec&exam_year=2023&type=obj&page=3
2023,3,14,objective,,,,"Letters, journals and diaries are examples of",faction,meta-fiction,fiction,non-fiction,D,https://myschool.ng/classroom/literature-in-english/68722?exam_type=waec&exam_year=2023&type=obj&page=3
2023,3,15,objective,,,,A dramatic performance with scenes played by body movements or gestures without words known as,comedy,pantomime,panegyric,melodrama,B,https://myschool.ng/classroom/literature-in-english/68786?exam_type=waec&exam_year=2023&type=obj&page=3
2023,4,16,objective,,,,The speaker is,Hippolyta,Lysander,Pyramus,Bottom,B,https://myschool.ng/classroom/literature-in-english/68796?exam_type=waec&exam_year=2023&type=obj&page=4
2023,4,17,objective,,,,The character that speaks before the speaker,Demetrius,Theseus,Pyramus,Hippolyta,B,https://myschool.ng/classroom/literature-in-english/68799?exam_type=waec&exam_year=2023&type=obj&page=4
2023,4,18,objective,,,,"it is not enough to speak, but to speak true illustrates",parable,epitaph,wisecrack,epigram,D,https://myschool.ng/classroom/literature-in-english/68801?exam_type=waec&exam_year=2023&type=obj&page=4
2023,4,19,objective,,,,The character that speaks after the speaker is,Lysander,Demetrius,Titania,Hippolyta,A,https://myschool.ng/classroom/literature-in-english/68804?exam_type=waec&exam_year=2023&type=obj&page=4
2023,4,20,objective,,,,The character that delivers the prologue is,Snug,Starveling,Snout,Quince,D,https://myschool.ng/classroom/literature-in-english/68807?exam_type=waec&exam_year=2023&type=obj&page=4
2023,5,21,objective,,,,Exaggerating one's personal features for comic effect is,caricature,lampoon,contrast,satire,A,https://myschool.ng/classroom/literature-in-english/68812?exam_type=waec&exam_year=2023&type=obj&page=5
2023,5,22,objective,,,,*That girl is too young to be put in the family way* illustrates,euphemism,hyperbole,oxymoron,paradox,A,https://myschool.ng/classroom/literature-in-english/68813?exam_type=waec&exam_year=2023&type=obj&page=5
2023,5,23,passage-based,,"At the last head count, the population of the school was three thousand",,"*At the last head count, the population of the school was three thousand* is an example of",synechdoche,hyperbole,metonymy,pun,A,https://myschool.ng/classroom/literature-in-english/68815?exam_type=waec&exam_year=2023&type=obj&page=5
2023,5,24,objective,,,,The speaker is,Lysander,Thisbe,Egeus,Tatiana,A,https://myschool.ng/classroom/literature-in-english/68820?exam_type=waec&exam_year=2023&type=obj&page=5
2023,5,25,objective,,,,The speaker is addressing,Helena,Hermia,Demetrius,himself,D,https://myschool.ng/classroom/literature-in-english/68822?exam_type=waec&exam_year=2023&type=obj&page=5
2023,6,26,objective,,,,The speaker is in,the woods,his apartment,a street,the palace,A,https://myschool.ng/classroom/literature-in-english/68824?exam_type=waec&exam_year=2023&type=obj&page=6
2023,6,27,objective,,,,"*Come, thou gentle day* illustrates",apostrophe,irony,paradox,euphemism,A,https://myschool.ng/classroom/literature-in-english/68825?exam_type=waec&exam_year=2023&type=obj&page=6
2023,6,28,objective,,,,"After the speech, the speaker",begins to dance,laughs uncontrollably,falls asleep,starts crying,C,https://myschool.ng/classroom/literature-in-english/68826?exam_type=waec&exam_year=2023&type=obj&page=6
2023,6,29,objective,,,,The extract presents the image of a,enough time,bright day,dark night,calm weather,D,https://myschool.ng/classroom/literature-in-english/68829?exam_type=waec&exam_year=2023&type=obj&page=6
2023,6,30,objective,,,,The dominant literary device used in the extract is,parallelism,apostrophe,personification,antithesis,C,https://myschool.ng/classroom/literature-in-english/68830?exam_type=waec&exam_year=2023&type=obj&page=6
2023,7,31,objective,,,,The speaker is,Egeus,Hermia,Demetrius,Helena,D,https://myschool.ng/classroom/literature-in-english/68831?exam_type=waec&exam_year=2023&type=obj&page=7
2023,7,32,objective,,,,The speech shows that the speaker is,high spirits,dissappointed,excited,in a bad mood,B,https://myschool.ng/classroom/literature-in-english/68832?exam_type=waec&exam_year=2023&type=obj&page=7
2023,7,33,objective,,,,The speaker's mood stems from,being rejected by the lover,having to go into the forest,wanting to punish Hermia,meeting with Hermia,A,https://myschool.ng/classroom/literature-in-english/68833?exam_type=waec&exam_year=2023&type=obj&page=7
2023,7,34,objective,,,,The speaker has just said farewell to,Helena,Demetrius,Hermia,Lysander,C,https://myschool.ng/classroom/literature-in-english/68835?exam_type=waec&exam_year=2023&type=obj&page=7
2023,7,35,objective,,,,The speaker resolves to tell,Lysander of Hermia's infidelity,Demetrius of Hermia's flight,Egeus of Hermia's flight,Theseus of Hermia's infidelity,B,https://myschool.ng/classroom/literature-in-english/68836?exam_type=waec&exam_year=2023&type=obj&page=7
2023,8,36,objective,,,,Jonsey's opening speech illustrates,epilogue,soliloquy,mime,aside,B,https://myschool.ng/classroom/literature-in-english/68837?exam_type=waec&exam_year=2023&type=obj&page=8
2023,8,37,objective,,,,*In the Town hall* is the,setting,location,atmosphere,stage,A,https://myschool.ng/classroom/literature-in-english/68838?exam_type=waec&exam_year=2023&type=obj&page=8
2023,8,38,objective,,,,Bassy is a ____ in the play.,narrator,director,producer,character,D,https://myschool.ng/classroom/literature-in-english/68839?exam_type=waec&exam_year=2023&type=obj&page=8
2023,8,39,objective,,,,Jonsey's speech *Your mayoral hopeful* is addressed to,the audience,Bassey,no one,himself,B,https://myschool.ng/classroom/literature-in-english/68840?exam_type=waec&exam_year=2023&type=obj&page=8
2023,8,40,objective,,,,A fable is also known as,an apologue,an epigram,a farce,a parody,A,https://myschool.ng/classroom/literature-in-english/68842?exam_type=waec&exam_year=2023&type=obj&page=8
2023,9,41,objective,,,,A character that is built around a single idea or quality is a _______ character.,heroic,flat,choral,sound,B,https://myschool.ng/classroom/literature-in-english/68843?exam_type=waec&exam_year=2023&type=obj&page=9
2023,9,42,objective,,,,Resolution in a literary work is also referred to as,events that increase action,final outcome,the complication,event that increases tension,B,https://myschool.ng/classroom/literature-in-english/68845?exam_type=waec&exam_year=2023&type=obj&page=9
2023,9,43,objective,,,,The third stanza of the Shakespearean sonnet is,quatrain,octave,sextet,couplet,A,https://myschool.ng/classroom/literature-in-english/68847?exam_type=waec&exam_year=2023&type=obj&page=9
2023,9,44,objective,,,,A short poem lamenting the death of someone is,an ode,a threnody,a sonnet,an epic,B,https://myschool.ng/classroom/literature-in-english/68848?exam_type=waec&exam_year=2023&type=obj&page=9
2023,9,45,objective,,,,Seven metrical feet in a line of a stanza is,hexametre,heptametre,septet,triolet,B,https://myschool.ng/classroom/literature-in-english/68850?exam_type=waec&exam_year=2023&type=obj&page=9
2023,10,46,objective,,,,The speaker is,Hermia,Helena,Hippolyta,Tatiana,A,https://myschool.ng/classroom/literature-in-english/68852?exam_type=waec&exam_year=2023&type=obj&page=10
2023,10,47,objective,,,,The speech is made in,Oberon's place,the woods,the Queen's palace,Theseus' palace,B,https://myschool.ng/classroom/literature-in-english/68854?exam_type=waec&exam_year=2023&type=obj&page=10
2023,10,48,objective,,,,The speaker and the addressee are,father and daughter,master and servant,lovers,friends,C,https://myschool.ng/classroom/literature-in-english/68857?exam_type=waec&exam_year=2023&type=obj&page=10
2023,10,49,objective,,,,"*Now much beshrew my manners and my pride* , illustrates the use of",alliteration,onomatopoeia,assonance,personification,A,https://myschool.ng/classroom/literature-in-english/68860?exam_type=waec&exam_year=2023&type=obj&page=10
2023,10,50,objective,,,,"*Thy love ne'er alter, till thy sweet life end.'* implies",an enduring love,a family love,an undying love,a fickle love,A,https://myschool.ng/classroom/literature-in-english/68861?exam_type=waec&exam_year=2023&type=obj&page=10
2024,1,1,objective,,,,A poem that is shaped in the image of the object it talks about is,concrete,lyrical,metaphysical,romantic,A,https://myschool.ng/classroom/literature-in-english/71956?exam_type=waec&exam_year=2024&type=obj&page=1
2024,1,2,objective,,,,*The choir is on wheels to a convention* illustrates,Hyperbole,Allusion,Metonymy,Personification,C,https://myschool.ng/classroom/literature-in-english/71957?exam_type=waec&exam_year=2024&type=obj&page=1
2024,1,3,objective,,,,Which of the following helps best to create and sustain interest in a literary work?,plot,rhyme,rhythm,suspense,D,https://myschool.ng/classroom/literature-in-english/71958?exam_type=waec&exam_year=2024&type=obj&page=1
2024,1,4,objective,,,,The dominant device used in *Macbeth* doth murdered sleep; the innocent sleep is,alliteration,conceit,metonymy,personification,D,https://myschool.ng/classroom/literature-in-english/71959?exam_type=waec&exam_year=2024&type=obj&page=1
2024,1,5,objective,,,,A narrative that extols the deeds of a heroic figure is a,ballad,folktale,panegyric,pastoral,C,https://myschool.ng/classroom/literature-in-english/71960?exam_type=waec&exam_year=2024&type=obj&page=1
2024,2,6,objective,,,,*Ife is a woman of great virtue* *She is a woman of great vice* illustrate,antithesis,alliteration,paradox,pathos,A,https://myschool.ng/classroom/literature-in-english/71961?exam_type=waec&exam_year=2024&type=obj&page=2
2024,2,7,objective,,,,The overwhelming confidence and pride that lead to the fall of the protagonist is,catharsis,ego,harmatia,hubris,D,https://myschool.ng/classroom/literature-in-english/71970?exam_type=waec&exam_year=2024&type=obj&page=2
2024,2,8,objective,,,,The major divisions in a play are,acts,chapters,scenes,stanzas,A,https://myschool.ng/classroom/literature-in-english/71971?exam_type=waec&exam_year=2024&type=obj&page=2
2024,2,9,passage-based,,,,"Read the lines below and answer the question: *My heart aches, and a drowsy numbness pains* *My sense, as though of hemlock I have drunk* The metrical pattern is",anapestic,dactylic,iambic,trochaic,C,https://myschool.ng/classroom/literature-in-english/71972?exam_type=waec&exam_year=2024&type=obj&page=2
2024,2,10,passage-based,,,,"Read the lines below and answer the question: *My heart aches, and a drowsy numbness pains* *My sense, as though of hemlock I have drunk* The mood of the poet is that of",anger,apathy,drunkenness,sadness,D,https://myschool.ng/classroom/literature-in-english/71973?exam_type=waec&exam_year=2024&type=obj&page=2
2024,3,11,passage-based,,,,"Read the lines below and answer the question: *My heart aches, and a drowsy numbness pains* *My sense, as though of hemlock I have drunk* The mood of the poet is that of",anger,apathy,drunkenness,sadness,D,https://myschool.ng/classroom/literature-in-english/71974?exam_type=waec&exam_year=2024&type=obj&page=3
2024,3,12,objective,,,,A narrative composed in the form of a letter is,an eponymous novel,an epistolary novel,a novella,a panegyric,B,https://myschool.ng/classroom/literature-in-english/71975?exam_type=waec&exam_year=2024&type=obj&page=3
2024,3,13,objective,,,,The device used in *She gave him lots of cash and tender attention* is,bathos,pathos,suspense,zeugma,D,https://myschool.ng/classroom/literature-in-english/71976?exam_type=waec&exam_year=2024&type=obj&page=3
2024,3,14,objective,,,,The Shakespearean sonnet differs from the Petrachan sonnet by ending with a,couplet,quatrain,sestet,tercet,A,https://myschool.ng/classroom/literature-in-english/71977?exam_type=waec&exam_year=2024&type=obj&page=3
2024,3,15,passage-based,,,,Read the lines below and answer the question: *The closing of the day* *Is the beginning of the day* The lines,are alliterated,are repeated,end stop,run on,D,https://myschool.ng/classroom/literature-in-english/71978?exam_type=waec&exam_year=2024&type=obj&page=3
2024,4,16,objective,,,,One of the important means available to a writer of a literary work is,diction,fiction,stage,stanza,A,https://myschool.ng/classroom/literature-in-english/71979?exam_type=waec&exam_year=2024&type=obj&page=4
2024,4,17,passage-based,,,,"Read the lines below and answer the question: *The curl of my lips, the swing of my waist, the* *The ride of my breast, the stride of my steps, the* *Flash of my tech and the palm of my hand* The line is an example of",euphemism,parallelism,personification,synecdoche,B,https://myschool.ng/classroom/literature-in-english/71981?exam_type=waec&exam_year=2024&type=obj&page=4
2024,4,18,passage-based,,,,"Read the lines below and answer the question: *The curl of my lips, the swing of my waist, the* *The ride of my breast, the stride of my steps, the* *Flash of my tech and the palm of my hand* The image created in the line appeals to the sense of",sight,taste,smell,touch,A,https://myschool.ng/classroom/literature-in-english/71982?exam_type=waec&exam_year=2024&type=obj&page=4
2024,4,19,objective,,,,Characters in a play that the author uses as a vehicle for commentary is,chorus,dancers,drummers,singers,A,https://myschool.ng/classroom/literature-in-english/71984?exam_type=waec&exam_year=2024&type=obj&page=4
2024,4,20,objective,,,,The _______ comes after the loose ends of the plot have been tied up.,climax,denouncement,epilogue,epilogue,C,https://myschool.ng/classroom/literature-in-english/71985?exam_type=waec&exam_year=2024&type=obj&page=4
2024,5,21,passage-based,,,,The passage is about,a meeting place,jenny's expert cooking,the disappointment of love,the passion of love,D,https://myschool.ng/classroom/literature-in-english/71988?exam_type=waec&exam_year=2024&type=obj&page=5
2024,5,22,objective,,,,The figure of speech used in *she was listening to the silence of the room* is,conceit,irony,oxymoron,zeugma,C,https://myschool.ng/classroom/literature-in-english/71989?exam_type=waec&exam_year=2024&type=obj&page=5
2024,5,23,objective,,,,The technique of narration is,First person,Second person,Third person,stream of consciousness,D,https://myschool.ng/classroom/literature-in-english/71991?exam_type=waec&exam_year=2024&type=obj&page=5
2024,5,24,objective,,,,"In _____ and moved inwards the kitchen, like one sleepwalking, the simile portrays one who is",absent minded,disappointed,passion driven,morose,A,https://myschool.ng/classroom/literature-in-english/71992?exam_type=waec&exam_year=2024&type=obj&page=5
2024,5,25,objective,,,,The mood is one of,anxiety,despondency,sorrow,regret,A,https://myschool.ng/classroom/literature-in-english/71993?exam_type=waec&exam_year=2024&type=obj&page=5
2024,6,26,objective,,,,The mood is one of,anxiety,despondency,sorrow,regret,A,https://myschool.ng/classroom/literature-in-english/71994?exam_type=waec&exam_year=2024&type=obj&page=6
2024,6,27,objective,,,,The poem is about,unforgettable,sacrificial,unrequited,selfish,C,https://myschool.ng/classroom/literature-in-english/71995?exam_type=waec&exam_year=2024&type=obj&page=6
2024,6,28,objective,,,,The lines that provide evidence for what the poem is about are _____,2 and 3,7 and 8,9 and 10,11 and 12,B,https://myschool.ng/classroom/literature-in-english/71996?exam_type=waec&exam_year=2024&type=obj&page=6
2024,6,29,objective,,,,The poem is a,haiku,kenning,limerick,lyric,D,https://myschool.ng/classroom/literature-in-english/71997?exam_type=waec&exam_year=2024&type=obj&page=6
2024,6,30,objective,,,,The dominant image is one of,beginning,flying,running,waiting,B,https://myschool.ng/classroom/literature-in-english/71998?exam_type=waec&exam_year=2024&type=obj&page=6
2024,7,31,objective,,,,"In the poem, cupid is",an allusion,a metonymy,the persona's mistress,the persona's rival,A,https://myschool.ng/classroom/literature-in-english/71999?exam_type=waec&exam_year=2024&type=obj&page=7
2024,7,32,objective,,,,The speaker is,Helena,Hermia,Philostrate,Theseus,D,https://myschool.ng/classroom/literature-in-english/72000?exam_type=waec&exam_year=2024&type=obj&page=7
2024,7,33,objective,,,,The speaker is addressing,Hippolyta,Lysander,Philostrate,Quince,A,https://myschool.ng/classroom/literature-in-english/72001?exam_type=waec&exam_year=2024&type=obj&page=7
2024,7,34,objective,,,,The speech is in reaction to,Hippolyta's rejection of the burden the poor bear,Philostrate's rejection of the play-within-the play,the address of the chorus,the arrival of the players,D,https://myschool.ng/classroom/literature-in-english/72002?exam_type=waec&exam_year=2024&type=obj&page=7
2024,7,35,objective,,,,The speaker's experience is that,the poor are eloquent,even the eloquent can falter in their speech,the poor are inhibited,even the poor can be tongue-tied,B,https://myschool.ng/classroom/literature-in-english/72003?exam_type=waec&exam_year=2024&type=obj&page=7
2024,8,36,objective,,,,"At the end of the speech,",Hippolyta storms out of the place,Philostrate announces the prologue,the ladies settle down,the curtain is drawn,B,https://myschool.ng/classroom/literature-in-english/72004?exam_type=waec&exam_year=2024&type=obj&page=8
2024,8,37,objective,,,,The speaker and the addressee are,Demetrius and Lysander,Hermia and Lysander,Demetrius and Hermia,Lysander and Helena,C,https://myschool.ng/classroom/literature-in-english/72006?exam_type=waec&exam_year=2024&type=obj&page=8
2024,8,38,objective,,,,Earlier the addressee has accused the speaker of,disloyalty,infidelity,murder,theft,C,https://myschool.ng/classroom/literature-in-english/72007?exam_type=waec&exam_year=2024&type=obj&page=8
2024,8,39,objective,,,,"In turn, the speaker accuses the addressee of",cruelty,discrimination,deceit,indiscretion,A,https://myschool.ng/classroom/literature-in-english/72009?exam_type=waec&exam_year=2024&type=obj&page=8
2024,8,40,objective,,,,The underlined lines portray the addressee as a,coward,hunter,painter,traitor,B,https://myschool.ng/classroom/literature-in-english/72011?exam_type=waec&exam_year=2024&type=obj&page=8
2024,9,41,objective,,,,The setting of the extract is,another part of the wood,Helena's place,the wood,Theseus' palace,A,https://myschool.ng/classroom/literature-in-english/72013?exam_type=waec&exam_year=2024&type=obj&page=9
2024,9,42,objective,,,,The speaker is,Egeus,Helena,Lysander,Titania,B,https://myschool.ng/classroom/literature-in-english/72014?exam_type=waec&exam_year=2024&type=obj&page=9
2024,9,43,objective,,,,The addressee is,Demetrius,Hermia,Oberon,Puck,A,https://myschool.ng/classroom/literature-in-english/72016?exam_type=waec&exam_year=2024&type=obj&page=9
2024,9,44,objective,,,,*The wildest* refers to,good people,the least cruel man,wild beasts,the most deceptive,C,https://myschool.ng/classroom/literature-in-english/72017?exam_type=waec&exam_year=2024&type=obj&page=9
2024,9,45,objective,,,,The speech is intended to ____ the addressee.,confuse,pacify,provoke,reclaim,C,https://myschool.ng/classroom/literature-in-english/72018?exam_type=waec&exam_year=2024&type=obj&page=9
2024,10,46,objective,,,,Another character present at the scene is,Egeus,Lysander,Oberon,Theseus,C,https://myschool.ng/classroom/literature-in-english/72019?exam_type=waec&exam_year=2024&type=obj&page=10
2024,10,47,objective,,,,*...you and I* in the first line refers to,Demetrius and Helena,Hermia and Helena,Hippolyta and Lysander,Oberon and Titania,B,https://myschool.ng/classroom/literature-in-english/72020?exam_type=waec&exam_year=2024&type=obj&page=10
2024,10,48,objective,,,,The couple are going to the wood because,it is their favourite spot,they are running away from the Athenian law,they want to have their peace,the wood is romantic,B,https://myschool.ng/classroom/literature-in-english/72021?exam_type=waec&exam_year=2024&type=obj&page=10
2024,10,49,objective,,,,The underlined expression means being,careful,faithful,flirtatious,reckless,B,https://myschool.ng/classroom/literature-in-english/72023?exam_type=waec&exam_year=2024&type=obj&page=10
2024,10,50,objective,,,,"*Farewell, sweet playfellow* refers to",Demetrius,Hermia,Helena,Lysander,C,https://myschool.ng/classroom/literature-in-english/72024?exam_type=waec&exam_year=2024&type=obj&page=10
